[
{
   "model": "auth.user",
   "pk": 1,
   "fields": {
      "password": "pbkdf2_sha256$180000$LoSC6lNNnG85$78XIpKYtcaDNbCfE4U81bw1O2Z1oC262zxcLcMp22NE=",
      "last_login": "2020-09-13T14:47:25.287Z",
      "is_superuser": true,
      "username": "main_admin",
      "first_name": "\u041f\u0430\u0432\u0435\u043b",
      "last_name": "\u042d\u0445\u043e",
      "email": "aspirpd@gmail.com",
      "is_staff": true,
      "is_active": true,
      "date_joined": "2020-03-24T12:43:26Z",
      "groups": [],
      "user_permissions": []
   }
},
{
   "model": "auth.user",
   "pk": 2,
   "fields": {
      "password": "pbkdf2_sha256$180000$PhSPCMJKHIsl$bZFLC9wtHT2VifM1HbLACR3Km4y/pVtG3yKF4WIdP5c=",
      "last_login": "2020-04-18T06:21:56.490Z",
      "is_superuser": false,
      "username": "echo",
      "first_name": "\u041f\u0430\u0432\u0435\u043b",
      "last_name": "\u0413\u0430\u0440\u0435\u0446",
      "email": "aspirpd@gmail.com",
      "is_staff": false,
      "is_active": true,
      "date_joined": "2020-03-24T13:09:18.732Z",
      "groups": [],
      "user_permissions": []
   }
},
{
   "model": "auth.user",
   "pk": 3,
   "fields": {
      "password": "pbkdf2_sha256$180000$QIoyBKZsMeyx$EsoHvXU0+BANIvrLInNZVmnh6jw6d1/iaTP/cO9zDjw=",
      "last_login": "2020-05-16T16:45:19.224Z",
      "is_superuser": false,
      "username": "nicolay",
      "first_name": "\u041d\u0438\u043a\u043e\u043b\u0430\u0439",
      "last_name": "",
      "email": "aspirpd@gmail.com",
      "is_staff": false,
      "is_active": true,
      "date_joined": "2020-05-16T16:44:42.276Z",
      "groups": [],
      "user_permissions": []
   }
},
{
   "model": "sessions.session",
   "pk": "2vubddwhouks9mmtq2ayyritjr4j81tu",
   "fields": {
      "session_data": "NWQ1YzdkMDUwNjQzZjQ5MWE0MmM2ZGE5NGI4YjU2MWMyMWQxN2JlMzp7Il9hdXRoX3VzZXJfaWQiOiIxIiwiX2F1dGhfdXNlcl9iYWNrZW5kIjoiZGphbmdvLmNvbnRyaWIuYXV0aC5iYWNrZW5kcy5Nb2RlbEJhY2tlbmQiLCJfYXV0aF91c2VyX2hhc2giOiI1YjllY2QzNWE2NDIxYWE4ZTUwYmM3MDYzYjRjYzExNjgyYTcyOWI5In0=",
      "expire_date": "2020-04-13T12:48:42.666Z"
   }
},
{
   "model": "sessions.session",
   "pk": "53p6x4j31u2quc546cmc15i9xqyq5b99",
   "fields": {
      "session_data": "ZDFiNTE1NDdlODViM2FiOGY3MTEyZmFkZjgzNDIxNDIyZTk1N2ZkMTp7Il9hdXRoX3VzZXJfaWQiOiIxIiwiX2F1dGhfdXNlcl9iYWNrZW5kIjoiZGphbmdvLmNvbnRyaWIuYXV0aC5iYWNrZW5kcy5Nb2RlbEJhY2tlbmQiLCJfYXV0aF91c2VyX2hhc2giOiJmZjFmZmU5MzcwZmRkMGJhYjQ5Y2Y2NTMzYjBmOWUwYWRhNWRhODRiIn0=",
      "expire_date": "2020-04-07T12:44:20.444Z"
   }
},
{
   "model": "sessions.session",
   "pk": "65o1h19wb0rcw421nwoq4usxkx81i5ed",
   "fields": {
      "session_data": "NWQ1YzdkMDUwNjQzZjQ5MWE0MmM2ZGE5NGI4YjU2MWMyMWQxN2JlMzp7Il9hdXRoX3VzZXJfaWQiOiIxIiwiX2F1dGhfdXNlcl9iYWNrZW5kIjoiZGphbmdvLmNvbnRyaWIuYXV0aC5iYWNrZW5kcy5Nb2RlbEJhY2tlbmQiLCJfYXV0aF91c2VyX2hhc2giOiI1YjllY2QzNWE2NDIxYWE4ZTUwYmM3MDYzYjRjYzExNjgyYTcyOWI5In0=",
      "expire_date": "2020-06-11T13:17:06.009Z"
   }
},
{
   "model": "sessions.session",
   "pk": "6ehcz4noipsnwovfwl8e2f6smo8bq0z4",
   "fields": {
      "session_data": "NWQ1YzdkMDUwNjQzZjQ5MWE0MmM2ZGE5NGI4YjU2MWMyMWQxN2JlMzp7Il9hdXRoX3VzZXJfaWQiOiIxIiwiX2F1dGhfdXNlcl9iYWNrZW5kIjoiZGphbmdvLmNvbnRyaWIuYXV0aC5iYWNrZW5kcy5Nb2RlbEJhY2tlbmQiLCJfYXV0aF91c2VyX2hhc2giOiI1YjllY2QzNWE2NDIxYWE4ZTUwYmM3MDYzYjRjYzExNjgyYTcyOWI5In0=",
      "expire_date": "2020-09-27T14:47:25.290Z"
   }
},
{
   "model": "sessions.session",
   "pk": "6poaczavbmnzba1at1gt5epeel2q0l5q",
   "fields": {
      "session_data": "MjkxMjFmNjMwOGQ3OWJhYjNiMWQ0ZDZkNzM4YTlmZjJmYmFiZGM4ZDp7Il9hdXRoX3VzZXJfaWQiOiIzIiwiX2F1dGhfdXNlcl9iYWNrZW5kIjoiZGphbmdvLmNvbnRyaWIuYXV0aC5iYWNrZW5kcy5Nb2RlbEJhY2tlbmQiLCJfYXV0aF91c2VyX2hhc2giOiJmMTNiMDBlODEwZWNkNWUzZjAxOTdmMmNmMDVjZDg4M2JmYWRkYjJlIn0=",
      "expire_date": "2020-05-30T16:45:19.228Z"
   }
},
{
   "model": "sessions.session",
   "pk": "f03bfkvhia6kfcwxnyqmbw8o515ockpo",
   "fields": {
      "session_data": "NWQ1YzdkMDUwNjQzZjQ5MWE0MmM2ZGE5NGI4YjU2MWMyMWQxN2JlMzp7Il9hdXRoX3VzZXJfaWQiOiIxIiwiX2F1dGhfdXNlcl9iYWNrZW5kIjoiZGphbmdvLmNvbnRyaWIuYXV0aC5iYWNrZW5kcy5Nb2RlbEJhY2tlbmQiLCJfYXV0aF91c2VyX2hhc2giOiI1YjllY2QzNWE2NDIxYWE4ZTUwYmM3MDYzYjRjYzExNjgyYTcyOWI5In0=",
      "expire_date": "2020-06-11T13:15:16.457Z"
   }
},
{
   "model": "sessions.session",
   "pk": "mhwh90lhlbgg6ch4vnh7sdvgly8eyf36",
   "fields": {
      "session_data": "MDBiZWI5MDhiZGVlODhlMjY5ODE2YTFmNDg5MzI5NTg0MjVhYWM5Yjp7Il9hdXRoX3VzZXJfaWQiOiIyIiwiX2F1dGhfdXNlcl9iYWNrZW5kIjoiZGphbmdvLmNvbnRyaWIuYXV0aC5iYWNrZW5kcy5Nb2RlbEJhY2tlbmQiLCJfYXV0aF91c2VyX2hhc2giOiJlM2Q3MWQ4ODViNTZhZGZlNDNkMWMwNmVhN2YwODZkMzI4MWEyMDY1In0=",
      "expire_date": "2020-05-02T06:21:56.494Z"
   }
},
{
   "model": "sessions.session",
   "pk": "obdbogaksp0vo0r4cbekb44baryw54ze",
   "fields": {
      "session_data": "NWQ1YzdkMDUwNjQzZjQ5MWE0MmM2ZGE5NGI4YjU2MWMyMWQxN2JlMzp7Il9hdXRoX3VzZXJfaWQiOiIxIiwiX2F1dGhfdXNlcl9iYWNrZW5kIjoiZGphbmdvLmNvbnRyaWIuYXV0aC5iYWNrZW5kcy5Nb2RlbEJhY2tlbmQiLCJfYXV0aF91c2VyX2hhc2giOiI1YjllY2QzNWE2NDIxYWE4ZTUwYmM3MDYzYjRjYzExNjgyYTcyOWI5In0=",
      "expire_date": "2020-05-21T18:10:04.752Z"
   }
},
{
   "model": "sessions.session",
   "pk": "sio2xhlhbbou1dkwjb95vrvq3bs5hof3",
   "fields": {
      "session_data": "NWQ1YzdkMDUwNjQzZjQ5MWE0MmM2ZGE5NGI4YjU2MWMyMWQxN2JlMzp7Il9hdXRoX3VzZXJfaWQiOiIxIiwiX2F1dGhfdXNlcl9iYWNrZW5kIjoiZGphbmdvLmNvbnRyaWIuYXV0aC5iYWNrZW5kcy5Nb2RlbEJhY2tlbmQiLCJfYXV0aF91c2VyX2hhc2giOiI1YjllY2QzNWE2NDIxYWE4ZTUwYmM3MDYzYjRjYzExNjgyYTcyOWI5In0=",
      "expire_date": "2020-04-14T14:00:35.882Z"
   }
},
{
   "model": "job.category",
   "pk": 1,
   "fields": {
      "name": "\u0420\u0435\u043c\u043e\u043d\u0442 \u044d\u043b\u0435\u043a\u0442\u0440\u043e\u043d\u0438\u043a\u0438",
      "slug": "remont-elektroniki",
      "parent": null,
      "is_active": true,
      "created": "2020-04-09",
      "updated": "2020-04-09",
      "lft": 1,
      "rght": 12,
      "tree_id": 1,
      "level": 0
   }
},
{
   "model": "job.category",
   "pk": 2,
   "fields": {
      "name": "\u0420\u0435\u043c\u043e\u043d\u0442 \u0442\u0435\u043b\u0435\u0444\u043e\u043d\u043e\u0432",
      "slug": "remont-telefonov",
      "parent": 1,
      "is_active": true,
      "created": "2020-04-09",
      "updated": "2020-04-09",
      "lft": 10,
      "rght": 11,
      "tree_id": 1,
      "level": 1
   }
},
{
   "model": "job.category",
   "pk": 3,
   "fields": {
      "name": "\u0420\u0435\u043c\u043e\u043d\u0442 \u043a\u043e\u043c\u043f\u044c\u044e\u0442\u0435\u0440\u043e\u0432",
      "slug": "remont-kompyuterov",
      "parent": 1,
      "is_active": true,
      "created": "2020-04-09",
      "updated": "2020-04-09",
      "lft": 2,
      "rght": 3,
      "tree_id": 1,
      "level": 1
   }
},
{
   "model": "job.category",
   "pk": 4,
   "fields": {
      "name": "\u0420\u0435\u043c\u043e\u043d\u0442 \u043f\u043b\u0430\u043d\u0448\u0435\u0442\u043e\u0432",
      "slug": "remont-planshetov",
      "parent": 1,
      "is_active": true,
      "created": "2020-04-09",
      "updated": "2020-04-09",
      "lft": 4,
      "rght": 5,
      "tree_id": 1,
      "level": 1
   }
},
{
   "model": "job.category",
   "pk": 5,
   "fields": {
      "name": "\u0420\u0435\u043c\u043e\u043d\u0442 \u0442\u0435\u043b\u0435\u0432\u0438\u0437\u043e\u0440\u043e\u0432",
      "slug": "remont-televizorov",
      "parent": 1,
      "is_active": true,
      "created": "2020-04-09",
      "updated": "2020-04-09",
      "lft": 8,
      "rght": 9,
      "tree_id": 1,
      "level": 1
   }
},
{
   "model": "job.category",
   "pk": 6,
   "fields": {
      "name": "\u0420\u0435\u043c\u043e\u043d\u0442 \u043f\u0440\u043e\u0447\u0435\u0439 \u044d\u043b\u0435\u043a\u0442\u0440\u043e\u043d\u0438\u043a\u0438",
      "slug": "remont-prochej-elektroniki",
      "parent": 1,
      "is_active": true,
      "created": "2020-04-09",
      "updated": "2020-04-09",
      "lft": 6,
      "rght": 7,
      "tree_id": 1,
      "level": 1
   }
},
{
   "model": "job.offer",
   "pk": 1,
   "fields": {
      "first_name": "\u041f\u0430\u0432\u0435\u043b",
      "last_name": "\u042d\u0445\u043e",
      "middle_name": "\u0414\u043c\u0438\u0442\u0440\u0438\u0435\u0432\u0438\u0447",
      "phone": "89508790881",
      "email": "aspirpd@gmail.com",
      "name": "\u0417\u0430\u043c\u0435\u043d\u0430 \u0438\u043b\u0438 \u0440\u0435\u043c\u043e\u043d\u0442 \u043c\u043e\u0434\u0443\u043b\u044f \u0432\u0430\u0439\u0444\u0430\u0439 \u043d\u0430 \u0430\u0439\u0444\u043e\u043d\u0435 6",
      "slug": "zamena-ili-remont-modulya-vajfaj-na-ajfone-6",
      "image": "offers/2020/04/09/Apple_iPhone_7_black.jpg",
      "description": "\u0421\u043c\u0430\u0440\u0442\u0444\u043e\u043d \u043f\u043e\u0442\u0435\u0440\u043f\u0435\u043b \u043f\u0430\u0434\u0435\u043d\u0438\u0435 \u0441 \u0431\u043e\u043b\u044c\u0448\u043e\u0439 \u0432\u044b\u0441\u043e\u0442\u044b. \u0427\u0443\u0434\u043e\u043c \u0432\u044b\u0436\u0438\u043b, \u043d\u043e \u043d\u0435 \u0440\u0430\u0431\u043e\u0442\u0430\u0435\u0442 \u0432\u0430\u0439-\u0444\u0430\u0439. \u0422\u0440\u0435\u0431\u0443\u0435\u0442\u0441\u044f \u0437\u0430\u043c\u0435\u043d\u0430 \u0438\u043b\u0438 \u0440\u0435\u043c\u043e\u043d\u0442.",
      "price": "2000",
      "start_time": "2020-05-01",
      "end_time": "2020-06-01",
      "available": true,
      "created": "2020-04-09",
      "updated": "2020-04-09",
      "category": [
         2
      ]
   }
},
{
   "model": "job.offer",
   "pk": 2,
   "fields": {
      "first_name": "\u041f\u0430\u0432\u0435\u043b",
      "last_name": "\u042d\u0445\u043e",
      "middle_name": "\u0414\u043c\u0438\u0442\u0440\u0438\u0435\u0432\u0438\u0447",
      "phone": "89508790881",
      "email": "aspirpd@gmail.com",
      "name": "\u0411\u043b\u043e\u043a \u043f\u0438\u0442\u0430\u043d\u0438\u044f \u043d\u0430 500 \u0412\u0442 \u0432\u044b\u0448\u0435\u043b \u0438\u0437 \u0441\u0442\u0440\u043e\u044f.",
      "slug": "blok-pitaniya-na-500-vt-vyshel-iz-stroya",
      "image": "",
      "description": "\u0411\u043b\u043e\u043a \u043f\u0438\u0442\u0430\u043d\u0438\u044f \u0432\u044b\u0448\u0435\u043b \u0438\u0437 \u0441\u0442\u0440\u043e\u044f \u0438 \u041f\u041a \u043d\u0435 \u0432\u043a\u043b\u044e\u0447\u0430\u0435\u0442\u0441\u044f. \u041d\u0435\u043e\u0431\u0445\u043e\u0434\u0438\u043c\u0430 \u0434\u0438\u0430\u0433\u043d\u043e\u0441\u0442\u0438\u043a\u0430, \u0437\u0430\u043c\u0435\u043d\u0430 \u0438 \u043f\u043e\u0434\u043a\u043b\u044e\u0447\u0435\u043d\u0438\u0435 \u0411\u041f \u043a \u041f\u041a.",
      "price": "2500",
      "start_time": "2020-06-26",
      "end_time": "2020-06-30",
      "available": true,
      "created": "2020-05-28",
      "updated": "2020-05-28",
      "category": [
         3
      ]
   }
},
{
   "model": "job.offer",
   "pk": 3,
   "fields": {
      "first_name": "\u0410\u043d\u043d\u0430",
      "last_name": "\u0413\u043e\u0440\u0431\u0443\u043b\u0438\u043d\u0430",
      "middle_name": "\u0412\u044f\u0447\u0435\u0441\u043b\u0430\u0432\u043e\u0432\u043d\u0430",
      "phone": "89508790881",
      "email": "aspirpd@gmail.com",
      "name": "\u041f\u043e\u043a\u0440\u0430\u0441\u043a\u0430 \u0441\u0442\u0435\u043d \u0438 \u043f\u043e\u0442\u043e\u043b\u043a\u0430",
      "slug": "",
      "image": "",
      "description": "\u041f\u0440\u043e\u0433\u0440\u0443\u043d\u0442\u043e\u0432\u0430\u0442\u044c \u0438 \u041f\u043e\u043a\u0440\u0430\u0441\u0438\u0442\u044c \u0441\u0442\u0435\u043d\u044b 450\u043c. \u0438 \u043f\u043e\u043b 150\u043c. \u0432 \u0434\u0432\u0430 \u0441\u043b\u043e\u044f. \u041e\u0444\u0438\u0441\u043d\u043e\u0435 \u0437\u0434\u0430\u043d\u0438\u0435.",
      "price": "50000",
      "start_time": "2020-05-31",
      "end_time": "2020-06-15",
      "available": false,
      "created": "2020-05-28",
      "updated": "2020-05-28",
      "category": []
   }
},
{
   "model": "job.offer",
   "pk": 4,
   "fields": {
      "first_name": "\u0410\u043d\u043d\u0430",
      "last_name": "\u0413\u043e\u0440\u0431\u0443\u043b\u0438\u043d\u0430",
      "middle_name": "\u0412\u044f\u0447\u0435\u0441\u043b\u0430\u0432\u043e\u0432\u043d\u0430",
      "phone": "89508790881",
      "email": "aspirpd@gmail.com",
      "name": "\u041f\u043e\u043a\u0440\u0430\u0441\u043a\u0430 \u0441\u0442\u0435\u043d \u0438 \u043f\u043e\u0442\u043e\u043b\u043a\u0430",
      "slug": "",
      "image": "",
      "description": "\u041f\u0440\u043e\u0433\u0440\u0443\u043d\u0442\u043e\u0432\u0430\u0442\u044c \u0438 \u041f\u043e\u043a\u0440\u0430\u0441\u0438\u0442\u044c \u0441\u0442\u0435\u043d\u044b 450\u043c. \u0438 \u043f\u043e\u043b 150\u043c. \u0432 \u0434\u0432\u0430 \u0441\u043b\u043e\u044f. \u041e\u0444\u0438\u0441\u043d\u043e\u0435 \u0437\u0434\u0430\u043d\u0438\u0435.",
      "price": "50000",
      "start_time": "2020-05-31",
      "end_time": "2020-06-15",
      "available": false,
      "created": "2020-05-28",
      "updated": "2020-05-28",
      "category": []
   }
},
{
   "model": "job.offer",
   "pk": 5,
   "fields": {
      "first_name": "\u0410\u043d\u043d\u0430",
      "last_name": "\u0413\u043e\u0440\u0431\u0443\u043b\u0438\u043d\u0430",
      "middle_name": "\u0412\u044f\u0447\u0435\u0441\u043b\u0430\u0432\u043e\u0432\u043d\u0430",
      "phone": "89508790881",
      "email": "aspirpd@gmail.com",
      "name": "\u041f\u043e\u043a\u0440\u0430\u0441\u043a\u0430 \u0441\u0442\u0435\u043d \u0438 \u043f\u043e\u0442\u043e\u043b\u043a\u0430",
      "slug": "",
      "image": "",
      "description": "\u041f\u0440\u043e\u0433\u0440\u0443\u043d\u0442\u043e\u0432\u0430\u0442\u044c \u0438 \u041f\u043e\u043a\u0440\u0430\u0441\u0438\u0442\u044c \u0441\u0442\u0435\u043d\u044b 450\u043c. \u0438 \u043f\u043e\u043b 150\u043c. \u0432 \u0434\u0432\u0430 \u0441\u043b\u043e\u044f. \u041e\u0444\u0438\u0441\u043d\u043e\u0435 \u0437\u0434\u0430\u043d\u0438\u0435.",
      "price": "50000",
      "start_time": "2020-05-31",
      "end_time": "2020-06-15",
      "available": false,
      "created": "2020-05-28",
      "updated": "2020-05-28",
      "category": []
   }
},
{
   "model": "job.offer",
   "pk": 6,
   "fields": {
      "first_name": "\u0418\u0433\u043e\u0440\u044c",
      "last_name": "\u0413\u0430\u0440\u0435\u0446",
      "middle_name": "\u0412\u044b\u044f\u0447\u0435\u0441\u043b\u0430\u0432\u043e\u0432\u0447\u0438",
      "phone": "89508790881",
      "email": "aspirpd@gmail.com",
      "name": "\u0421\u043b\u043e\u043c\u0430\u043b\u0441\u044f \u044d\u043b\u0435\u043a\u0442\u0440\u0438\u0447\u0435\u0441\u043a\u0438\u0439 \u0447\u0430\u0439\u043d\u0438\u043a \u0444\u0438\u0440\u043c\u044b \"Vitek\"",
      "slug": "slomalsya-elektricheskij-chajnik-firmy-vitek",
      "image": "",
      "description": "\u041d\u0435\u043e\u0431\u0445\u043e\u0434\u0438\u043c\u043e \u043f\u0440\u043e\u0432\u0435\u0441\u0442\u0438 \u0434\u0438\u0430\u0433\u043d\u043e\u0441\u0442\u0438\u043a\u0443 \u043f\u043e\u043b\u043e\u043c\u043a\u0438 \u0438 \u043f\u0440\u0438\u0432\u0435\u0441\u0442\u0438 \u0432 \u0440\u0430\u0431\u043e\u0442\u043e\u0441\u043f\u043e\u0441\u043e\u0431\u043d\u043e\u0435 \u0441\u043e\u0441\u0442\u043e\u044f\u043d\u0438\u0435 \u0447\u0430\u0439\u043d\u0438\u043a.",
      "price": "500",
      "start_time": "2020-05-29",
      "end_time": "2020-05-30",
      "available": true,
      "created": "2020-05-28",
      "updated": "2020-05-28",
      "category": [
         1
      ]
   }
},
{
   "model": "job.offer",
   "pk": 7,
   "fields": {
      "first_name": "\u0414\u0430\u043d\u0438\u043b",
      "last_name": "\u0410\u0433\u0430\u0440\u043a\u043e\u0432",
      "middle_name": "\u042e\u0440\u044c\u0435\u0432\u0438\u0447",
      "phone": "89508790881",
      "email": "aspirpd@gmail.com",
      "name": "\u041d\u0435 \u0432\u043a\u043b\u044e\u0447\u0430\u0435\u0442\u0441\u044f \u0442\u0435\u043b\u0435\u0444\u043e\u043d iPhone 7 plus",
      "slug": "ne-vklyuchaetsya-telefon-iphone-7-plus",
      "image": "",
      "description": "\u041f\u043e\u0441\u043b\u0435 \u043f\u043e\u043f\u0430\u0434\u0430\u043d\u0438\u044f \u0432\u043b\u0430\u0433\u0438 \u043d\u0430 \u0442\u0435\u043b\u0435\u0444\u043e\u043d, \u043e\u043d \u043d\u0435 \u0440\u0430\u0431\u043e\u0442\u0430\u0435\u0442. \u041d\u0443\u0436\u043d\u0430 \u0434\u0438\u0430\u0433\u043d\u043e\u0441\u0442\u0438\u043a\u0430 \u0438 \u0440\u0435\u043c\u043e\u043d\u0442.",
      "price": "2000",
      "start_time": "2020-05-30",
      "end_time": "2020-05-31",
      "available": true,
      "created": "2020-05-28",
      "updated": "2020-05-28",
      "category": [
         2
      ]
   }
},
{
   "model": "job.offer",
   "pk": 8,
   "fields": {
      "first_name": "\u0410\u043b\u0435\u043a\u0441\u0435\u0439",
      "last_name": "\u0413\u043c\u044b\u0440\u0430\u043a",
      "middle_name": "\u0418\u0433\u043e\u0440\u0435\u0432\u0438\u0447",
      "phone": "89508790881",
      "email": "aspirpd@gmail.com",
      "name": "\u0422\u0440\u0435\u0431\u0443\u0435\u0442\u0441\u044f \u043f\u043e\u0447\u0438\u043d\u043a\u0430 \u0442\u0435\u043b\u0435\u0432\u0438\u0437\u043e\u0440 Samsung",
      "slug": "trebuetsya-pochinka-televizor-samsung",
      "image": "offers/2020/05/28/superthumb.jpg",
      "description": "\u0414\u043e \u043d\u0435\u0434\u0430\u0432\u043d\u0435\u0433\u043e \u0432\u0440\u0435\u043c\u0435\u043d\u0438 \u0438\u0437\u043e\u0431\u0440\u0430\u0436\u0435\u043d\u0438\u0435 \u043d\u0430 \u044d\u043a\u0440\u0430\u043d\u0435 \u0442\u0435\u043b\u0435\u0432\u0438\u0437\u043e\u0440\u0430 \u0442\u0435\u043c\u043d\u0435\u043b\u043e. \u0421\u0435\u0439\u0447\u0430\u0441 \u043d\u0435\u0442\u0443 \u0438\u0437\u043e\u0431\u0440\u0430\u0436\u0435\u043d\u0438\u044f \u0432\u043e\u043e\u0431\u0449\u0435. \u0417\u0432\u0443\u043a \u043f\u0440\u0438\u0441\u0443\u0442\u0441\u0442\u0432\u0443\u0435\u0442.",
      "price": "5000",
      "start_time": "2020-06-01",
      "end_time": "2020-06-02",
      "available": true,
      "created": "2020-05-28",
      "updated": "2020-05-28",
      "category": [
         5
      ]
   }
},
{
   "model": "job.offer",
   "pk": 9,
   "fields": {
      "first_name": "\u041f\u0430\u0432\u0435\u043b",
      "last_name": "\u0413\u0430\u0440\u0435\u0446",
      "middle_name": "\u0414\u043c\u0438\u0442\u0440\u0438\u0435\u0432\u0438\u0447",
      "phone": "89508790881",
      "email": "aspirpd@gmail.com",
      "name": "\u041f\u043e\u0447\u0438\u043d\u0438\u0442\u044c \u043d\u043e\u0443\u0442\u0431\u0443\u043a Acer Aspire 5",
      "slug": "pochinit-noutbuk-acer-aspire-5",
      "image": "",
      "description": "\u041d\u0430 \u043d\u043e\u0443\u0442\u0431\u0443\u043a \u043f\u0440\u043e\u043b\u0438\u043b \u0436\u0438\u0434\u043a\u043e\u0441\u0442\u044c. \u041d\u0435 \u0440\u0430\u0431\u043e\u0442\u0430\u0435\u0442 \u043a\u043b\u0430\u0432\u0438\u0430\u0442\u0443\u0440\u0430 \u0438 \u044d\u043a\u0440\u0430\u043d. \u041d\u0435\u043e\u0431\u0445\u043e\u0434\u0438\u043c\u043e \u0432\u043c\u0435\u0441\u0442\u0435 \u0441 \u043c\u0430\u0442\u0435\u0440\u0438\u0430\u043b\u043e\u043c \u043f\u0440\u0438\u0432\u0435\u0441\u0442\u0438 \u0432 \u0440\u0430\u0431\u043e\u0447\u0435\u0435 \u0441\u043e\u0441\u0442\u043e\u044f\u043d\u0438\u0435.",
      "price": "15000",
      "start_time": "2020-05-31",
      "end_time": "2020-05-31",
      "available": true,
      "created": "2020-05-28",
      "updated": "2020-05-28",
      "category": [
         3
      ]
   }
},
{
   "model": "job.offer",
   "pk": 10,
   "fields": {
      "first_name": "\u0410\u043b\u0435\u043a\u0441\u0435\u0439",
      "last_name": "\u041a\u043e\u043d\u043e\u0440\u0435\u0432",
      "middle_name": "\u0414\u043c\u0438\u0442\u0440\u0438\u0435\u0432\u0438\u0447",
      "phone": "89508790881",
      "email": "aspirpd@gmail.com",
      "name": "\u041f\u043e\u0447\u0438\u043d\u0438\u0442\u044c \u043a\u043e\u043c\u043f\u044c\u044e\u0442\u0435\u0440",
      "slug": "pochinit-kompyuter",
      "image": "",
      "description": "\u041d\u0435 \u0432\u043a\u043b\u044e\u0447\u0430\u0435\u0442\u0441\u044f \u041f\u041a. \u041d\u0443\u0436\u043d\u0430 \u0441\u043f\u0435\u0440\u0432\u0430 \u0434\u0438\u0430\u0433\u043d\u043e\u0441\u0442\u0438\u043a\u0430.",
      "price": "1000",
      "start_time": "2020-05-31",
      "end_time": "2020-05-31",
      "available": true,
      "created": "2020-05-28",
      "updated": "2020-05-28",
      "category": [
         3
      ]
   }
},
{
   "model": "job.offer",
   "pk": 11,
   "fields": {
      "first_name": "\u041e\u043b\u0435\u0433",
      "last_name": "\u0429\u0430\u0432\u043b\u0435\u0432",
      "middle_name": "\u0418\u0433\u043e\u0440\u0435\u0432\u0438\u0447",
      "phone": "89508790881",
      "email": "aspirpd@gmail.com",
      "name": "\u0417\u0430\u043c\u0435\u043d\u0430 \u044d\u043a\u0440\u0430\u043d\u0430",
      "slug": "zamena-ekrana",
      "image": "offers/2020/05/28/_116317-560.jpg",
      "description": "\u042d\u043a\u0440\u0430\u043d \u0442\u0435\u043b\u0435\u0444\u043e\u043d\u0430 \u043f\u043e\u043b\u043d\u043e\u0441\u0442\u044c\u044e \u0440\u0430\u0437\u0431\u0438\u0442. \u041d\u0435\u043e\u0431\u0445\u043e\u0434\u0438\u043c\u0430 \u0437\u0430\u043c\u0435\u043d\u0430 \u0441 \u0412\u0430\u0448\u0438\u043c \u043c\u0430\u0442\u0435\u0440\u0438\u0430\u043b\u043e\u043c.",
      "price": "3000",
      "start_time": "2020-06-01",
      "end_time": "2020-06-02",
      "available": true,
      "created": "2020-05-28",
      "updated": "2020-05-28",
      "category": [
         2
      ]
   }
},
{
   "model": "job.offer",
   "pk": 12,
   "fields": {
      "first_name": "\u041d\u0438\u043a\u043e\u043b\u0430\u0439",
      "last_name": "\u041a\u043e\u043d\u043e\u0440\u0435\u0432",
      "middle_name": "\u041d\u0438\u043a\u043e\u043b\u0430\u0435\u0432\u0438\u0447",
      "phone": "8950879081",
      "email": "aspirpd@gmail.com",
      "name": "\u0417\u0430\u043c\u0435\u043d\u0430 \u044d\u043a\u0440\u0430\u043d\u0430 \u043d\u0430 \u0442\u0435\u043b\u0435\u0444\u043e\u043d\u0435 Huawei 500 lite",
      "slug": "zamena-ekrana-na-telefone-huawei-500-lite",
      "image": "offers/2020/05/28/_116317-560_mln2tq9.jpg",
      "description": "\u0420\u0430\u0437\u0431\u0438\u043b\u0441\u044f \u044d\u043a\u0440\u0430\u043d \u043d\u0430 \u0442\u0435\u043b\u0435\u0444\u043e\u043d\u0435. \u041e\u043d \u0432\u043a\u043b\u044e\u0447\u0430\u0435\u0442\u0441\u044f, \u043d\u043e \u0438\u0437\u043e\u0431\u0440\u0430\u0436\u0435\u043d\u0438\u044f \u043d\u0435\u0442. \u041d\u0443\u0436\u043d\u043e \u0437\u0430\u043c\u0435\u043d\u0438\u0442\u044c \u044d\u043a\u0440\u0430\u043d \u043d\u0430 \u043e\u0440\u0438\u0433\u0438\u043d\u0430\u043b\u044c\u043d\u044b\u0439! \u0421 \u0412\u0430\u0448\u0438\u043c \u043c\u0430\u0442\u0435\u0440\u0438\u0430\u043b\u043e\u043c \u0438 \u0440\u0430\u0431\u043e\u0442\u043e\u0439.",
      "price": "9000",
      "start_time": "2020-06-02",
      "end_time": "2020-06-03",
      "available": true,
      "created": "2020-05-28",
      "updated": "2020-05-28",
      "category": [
         2
      ]
   }
},
{
   "model": "job.offer",
   "pk": 13,
   "fields": {
      "first_name": "Pavel",
      "last_name": "Pavel",
      "middle_name": "Pavel",
      "phone": "89508790881",
      "email": "aspirpd@gmail.com",
      "name": "PavelPavelPavel",
      "slug": "",
      "image": "offers/2020/05/29/services19.jpg",
      "description": "PavelPavelPavelPavelPavelPavelPavelPavelPavelPavelPavelPavel",
      "price": "500000",
      "start_time": "2020-05-31",
      "end_time": "2020-05-31",
      "available": false,
      "created": "2020-05-29",
      "updated": "2020-05-29",
      "category": []
   }
},
{
   "model": "job.offer",
   "pk": 14,
   "fields": {
      "first_name": "TreeNodeChoiceField",
      "last_name": "TreeNodeChoiceField",
      "middle_name": "TreeNodeChoiceField",
      "phone": "89508790881",
      "email": "aspirpd@gmail.com",
      "name": "TreeNodeChoiceField",
      "slug": "",
      "image": "offers/2020/05/29/news3.png",
      "description": "TreeNodeChoiceFieldTreeNodeChoiceField",
      "price": "50000",
      "start_time": "2020-05-31",
      "end_time": "2020-05-31",
      "available": false,
      "created": "2020-05-29",
      "updated": "2020-05-29",
      "category": []
   }
},
{
   "model": "job.offer",
   "pk": 15,
   "fields": {
      "first_name": "\u041f\u0430\u0432\u0435\u043b",
      "last_name": "\u042d\u0445\u043e",
      "middle_name": "\u0414\u043c\u0438\u0442\u0440\u0438\u0435\u0432\u0438\u0447",
      "phone": "89508790881",
      "email": "aspirpd@gmail.com",
      "name": "\u041f\u0440\u0438\u0432\u0435\u0441\u0442\u0438 \u0432 \u043f\u0440\u0438\u0433\u043e\u0434\u043d\u043e\u0435 \u0441\u043e\u0441\u0442\u043e\u044f\u043d\u0438\u0435 \u043f\u043b\u0430\u043d\u0448\u0435\u0442 Samsung",
      "slug": "privesti-v-prigodnoe-sostoyanie-planshet-samsung",
      "image": "offers/2020/05/29/news3_GGhnmwn.png",
      "description": "\u041d\u0435 \u0432\u043a\u043b\u044e\u0447\u0430\u0435\u0442\u0441\u044f \u043f\u043b\u0430\u043d\u0448\u0435\u0442. \u041f\u043e\u043f\u0430\u0434\u0430\u043b \u0432 \u0432\u043e\u0434\u0443. \u041d\u0435\u043e\u0431\u0445\u043e\u0434\u0438\u043c\u043e \u043f\u0440\u043e\u0432\u0435\u0441\u0442\u0438 \u0434\u0438\u0430\u0433\u043d\u043e\u0441\u0442\u0438\u043a\u0443 \u0438 \u043f\u043e\u0441\u043b\u0435\u0434\u0443\u044e\u0449\u0438\u0439 \u0440\u0435\u043c\u043e\u043d\u0442 \u0441 \u0412\u0430\u0448\u0438\u043c \u043c\u0430\u0442\u0435\u0440\u0438\u0430\u043b\u043e\u043c.",
      "price": "9000",
      "start_time": "2020-05-31",
      "end_time": "2020-06-01",
      "available": true,
      "created": "2020-05-29",
      "updated": "2020-05-29",
      "category": [
         4
      ]
   }
},
{
   "model": "job.offer",
   "pk": 16,
   "fields": {
      "first_name": "\u041d\u0438\u043a\u043e\u043b\u0430\u0439",
      "last_name": "\u041a\u043e\u043b\u0443\u043f\u0430\u0435\u0432",
      "middle_name": "\u0412\u043b\u0430\u0434\u0438\u043c\u0438\u0440\u043e\u0432\u0438\u0447",
      "phone": "89207184747",
      "email": "nikokolupaev@yandex.ru",
      "name": "\u0417\u0430\u0448\u0442\u0443\u043a\u0430\u0442\u0443\u0440\u0438\u0442\u044c \u0441\u0442\u0435\u043d\u044b",
      "slug": "",
      "image": "offers/2020/05/29/shtykatyrka-2.jpg",
      "description": "\u041d\u0435\u043e\u0431\u0445\u043e\u0434\u0438\u043c\u043e \u0437\u0430\u0448\u0442\u0443\u043a\u0430\u0442\u0443\u0440\u0438\u0442\u044c \u0441\u0442\u0435\u043d\u044b \u0432 \u0434\u043e\u043c\u0435 \u043f\u043b\u043e\u0449\u0430\u0434\u044c\u044e 350 \u043a\u0432. \u043c. \u0426\u0435\u043d\u0443 \u043f\u0440\u0435\u0434\u043b\u0430\u0433\u0430\u0439\u0442\u0435 \u0437\u0430 \u043a\u0432\u0430\u0434\u0440\u0430\u0442\u043d\u044b\u0439 \u043c\u0435\u0442\u0440, \u0442\u0430\u043a \u043a\u0430\u043a \u0446\u0435\u043d\u0430 \u0443\u043a\u0430\u0437\u0430\u043d\u0430 \u043e\u0440\u0438\u0435\u043d\u0442\u0438\u0440\u043e\u0432\u043e\u0447\u043d\u043e.",
      "price": "1000",
      "start_time": "2020-05-31",
      "end_time": "2020-06-29",
      "available": false,
      "created": "2020-05-29",
      "updated": "2020-05-29",
      "category": []
   }
},
{
   "model": "job.offer",
   "pk": 17,
   "fields": {
      "first_name": "fdsfdsfds",
      "last_name": "fdsfdsfds",
      "middle_name": "fdsfdsfds",
      "phone": "432432432",
      "email": "aspirpd@gmail.com",
      "name": "fdsfdsfds",
      "slug": "",
      "image": "offers/2020/05/29/shtykatyrka-2_FTM4Ger.jpg",
      "description": "fdsfdsfdsfdsfdsfdsfdsfdsfdsfdsfdsfds",
      "price": "1000",
      "start_time": "2020-05-31",
      "end_time": "2020-06-01",
      "available": false,
      "created": "2020-05-29",
      "updated": "2020-05-29",
      "category": []
   }
},
{
   "model": "job.offer",
   "pk": 18,
   "fields": {
      "first_name": "\u041f\u0430\u0432\u0435\u043b",
      "last_name": "\u041f\u0430\u0432\u0435\u043b",
      "middle_name": "\u041f\u0430\u0432\u0435\u043b",
      "phone": "87124",
      "email": "aspirpd@gmail.com",
      "name": "\u041f\u0430\u0432\u0435\u043b",
      "slug": "pavel",
      "image": "",
      "description": "\u041f\u0430\u0432\u0435\u043b",
      "price": "0",
      "start_time": "2020-05-03",
      "end_time": "2020-05-17",
      "available": true,
      "created": "2020-05-30",
      "updated": "2020-05-30",
      "category": [
         3
      ]
   }
},
{
   "model": "reclame.category",
   "pk": 1,
   "fields": {
      "name": "\u0418\u043d\u0441\u0442\u0440\u0443\u043c\u0435\u043d\u0442",
      "slug": "instrument",
      "parent": null,
      "is_active": true,
      "created": "2020-04-09",
      "updated": "2020-04-09",
      "lft": 1,
      "rght": 8,
      "tree_id": 1,
      "level": 0
   }
},
{
   "model": "reclame.category",
   "pk": 2,
   "fields": {
      "name": "\u0418\u0437\u043c\u0435\u0440\u0438\u0442\u0435\u043b\u044c\u043d\u044b\u0439 \u0438\u043d\u0441\u0442\u0440\u0443\u043c\u0435\u043d\u0442",
      "slug": "izmeritelnyj-instrument",
      "parent": 1,
      "is_active": true,
      "created": "2020-04-09",
      "updated": "2020-04-09",
      "lft": 4,
      "rght": 5,
      "tree_id": 1,
      "level": 1
   }
},
{
   "model": "reclame.category",
   "pk": 3,
   "fields": {
      "name": "\u0411\u0435\u043d\u0437\u043e\u0438\u043d\u0441\u0442\u0440\u0443\u043c\u0435\u043d\u0442",
      "slug": "benzoinstrument",
      "parent": 1,
      "is_active": true,
      "created": "2020-04-09",
      "updated": "2020-04-09",
      "lft": 2,
      "rght": 3,
      "tree_id": 1,
      "level": 1
   }
},
{
   "model": "reclame.category",
   "pk": 4,
   "fields": {
      "name": "\u0420\u0443\u0447\u043d\u043e\u0439 \u0438\u043d\u0441\u0442\u0440\u0443\u043c\u0435\u043d\u0442",
      "slug": "ruchnoj-instrument",
      "parent": 1,
      "is_active": true,
      "created": "2020-04-09",
      "updated": "2020-04-09",
      "lft": 6,
      "rght": 7,
      "tree_id": 1,
      "level": 1
   }
},
{
   "model": "reclame.promotion",
   "pk": 1,
   "fields": {
      "name": "\u0422\u0435\u0445\u043d\u043e\u0440\u0430\u043c\u0430",
      "slug": "tehnorama",
      "country": "\u0420\u043e\u0441\u0441\u0438\u044f",
      "region": "\u041a\u0443\u0440\u0441\u043a\u0430\u044f \u043e\u0431\u043b\u0430\u0441\u0442\u044c",
      "town": "\u041a\u0443\u0440\u0441\u043a",
      "site": "https://kursk.tehnorama.ru/",
      "email": "zakaz@tehnorama.ru",
      "photo": "promotions_test_photos/2020/04/09/master_login.jpg",
      "logotype": "promotions_test_logotypes/2020/04/09/logo.jpg",
      "description": "\u042d\u043b\u0435\u043a\u0442\u0440\u043e\u0438\u043d\u0441\u0442\u0440\u0443\u043c\u0435\u043d\u0442\u044b|\u0420\u0443\u0447\u043d\u044b\u0435 \u0438\u043d\u0441\u0442\u0440\u0443\u043c\u0435\u043d\u0442\u044b|\u0421\u0442\u0440\u043e\u0438\u0442\u0435\u043b\u044c\u043d\u043e\u0435 \u043e\u0431\u043e\u0440\u0443\u0434\u043e\u0432\u0430\u043d\u0438\u0435|\u0412\u0441\u0435 \u0434\u043b\u044f \u0441\u0430\u0434\u0430|\u0421\u0438\u043b\u043e\u0432\u0430\u044f \u0442\u0435\u0445\u043d\u0438\u043a\u0430|\u0421\u0430\u043d\u0442\u0435\u0445\u043d\u0438\u043a\u0430|\u0421\u0442\u0430\u043d\u043a\u0438|\u041f\u043e\u0434\u0430\u0440\u043e\u0447\u043d\u044b\u0435 \u043a\u0430\u0440\u0442\u044b|\u0418\u0437\u043c\u0435\u0440\u0438\u0442\u0435\u043b\u044c\u043d\u044b\u0435 \u0438\u043d\u0441\u0442\u0440\u0443\u043c\u0435\u043d\u0442\u044b|\u0420\u0430\u0441\u0445\u043e\u0434\u043d\u044b\u0435 \u043c\u0430\u0442\u0435\u0440\u0438\u0430\u043b\u044b|\u041a\u043b\u0438\u043c\u0430\u0442\u0438\u0447\u0435\u0441\u043a\u043e\u0435 \u043e\u0431\u043e\u0440\u0443\u0434\u043e\u0432\u0430\u043d\u0438\u0435|\u0411\u0430\u0440\u0431\u0435\u043a\u044e-\u0433\u0440\u0438\u043b\u0438, \u043c\u0430\u043d\u0433\u0430\u043b\u044b|\u0421\u043f\u0435\u0446\u043e\u0434\u0435\u0436\u0434\u0430 \u0438 \u0437\u0430\u0449\u0438\u0442\u0430|\u041a\u0440\u0435\u043f\u0435\u0436, \u0442\u0430\u043a\u0435\u043b\u0430\u0436.",
      "is_active": true,
      "paid": false,
      "created": "2020-04-09",
      "updated": "2020-04-09",
      "category": [
         1,
         3,
         2,
         4
      ]
   }
},
{
   "model": "reclame.promotion",
   "pk": 2,
   "fields": {
      "name": "\u0422\u0435\u0445\u043d\u043e\u0440\u0430\u043c\u0430",
      "slug": "tehnorama",
      "country": "\u0420\u043e\u0441\u0441\u0438\u044f",
      "region": "\u041a\u0443\u0440\u0441\u043a\u0430\u044f \u043e\u0431\u043b\u0430\u0441\u0442\u044c",
      "town": "\u041a\u0443\u0440\u0441\u043a",
      "site": "https://kursk.tehnorama.ru/",
      "email": "zakaz@tehnorama.ru",
      "photo": "promotions_test_photos/2020/04/10/str_res_item.png",
      "logotype": "promotions_test_logotypes/2020/04/10/logo_kodremonta.png",
      "description": "\u042d\u043b\u0435\u043a\u0442\u0440\u043e\u0438\u043d\u0441\u0442\u0440\u0443\u043c\u0435\u043d\u0442\u044b|\u0420\u0443\u0447\u043d\u044b\u0435 \u0438\u043d\u0441\u0442\u0440\u0443\u043c\u0435\u043d\u0442\u044b|\u0421\u0442\u0440\u043e\u0438\u0442\u0435\u043b\u044c\u043d\u043e\u0435 \u043e\u0431\u043e\u0440\u0443\u0434\u043e\u0432\u0430\u043d\u0438\u0435|\u0412\u0441\u0435 \u0434\u043b\u044f \u0441\u0430\u0434\u0430|\u0421\u0438\u043b\u043e\u0432\u0430\u044f \u0442\u0435\u0445\u043d\u0438\u043a\u0430|\u0421\u0430\u043d\u0442\u0435\u0445\u043d\u0438\u043a\u0430|\u0421\u0442\u0430\u043d\u043a\u0438|\u041f\u043e\u0434\u0430\u0440\u043e\u0447\u043d\u044b\u0435 \u043a\u0430\u0440\u0442\u044b|\u0418\u0437\u043c\u0435\u0440\u0438\u0442\u0435\u043b\u044c\u043d\u044b\u0435 \u0438\u043d\u0441\u0442\u0440\u0443\u043c\u0435\u043d\u0442\u044b|\u0420\u0430\u0441\u0445\u043e\u0434\u043d\u044b\u0435 \u043c\u0430\u0442\u0435\u0440\u0438\u0430\u043b\u044b|\u041a\u043b\u0438\u043c\u0430\u0442\u0438\u0447\u0435\u0441\u043a\u043e\u0435 \u043e\u0431\u043e\u0440\u0443\u0434\u043e\u0432\u0430\u043d\u0438\u0435|\u0411\u0430\u0440\u0431\u0435\u043a\u044e-\u0433\u0440\u0438\u043b\u0438, \u043c\u0430\u043d\u0433\u0430\u043b\u044b|\u0421\u043f\u0435\u0446\u043e\u0434\u0435\u0436\u0434\u0430 \u0438 \u0437\u0430\u0449\u0438\u0442\u0430|\u041a\u0440\u0435\u043f\u0435\u0436, \u0442\u0430\u043a\u0435\u043b\u0430\u0436.",
      "is_active": true,
      "paid": false,
      "created": "2020-04-09",
      "updated": "2020-04-09",
      "category": [
         1,
         3,
         2,
         4
      ]
   }
},
{
   "model": "mygsp.category",
   "pk": 1,
   "fields": {
      "name": "\u041a\u043e\u043c\u043f\u043b\u0435\u043a\u0441\u043d\u044b\u0435 \u0440\u0430\u0431\u043e\u0442\u044b",
      "slug": "kompleksnye-raboty",
      "is_active": true,
      "created": "2020-03-24",
      "updated": "2020-03-24"
   }
},
{
   "model": "mygsp.category",
   "pk": 2,
   "fields": {
      "name": "\u0421\u0442\u0440\u043e\u0438\u0442\u0435\u043b\u044c\u043d\u043e-\u043c\u043e\u043d\u0442\u0430\u0436\u043d\u044b\u0435 \u0440\u0430\u0431\u043e\u0442\u044b",
      "slug": "stroitelno-montazhnye-raboty",
      "is_active": true,
      "created": "2020-03-24",
      "updated": "2020-03-24"
   }
},
{
   "model": "mygsp.category",
   "pk": 3,
   "fields": {
      "name": "\u0418\u043d\u0436\u0435\u043d\u0435\u0440\u043d\u044b\u0435 \u0441\u0438\u0441\u0442\u0435\u043c\u044b",
      "slug": "inzhenernye-sistemy",
      "is_active": true,
      "created": "2020-03-24",
      "updated": "2020-03-24"
   }
},
{
   "model": "mygsp.category",
   "pk": 4,
   "fields": {
      "name": "\u0420\u0435\u043c\u043e\u043d\u0442 \u0431\u044b\u0442\u043e\u0432\u043e\u0439 \u0442\u0435\u0445\u043d\u0438\u043a\u0438",
      "slug": "remont-bytovoj-tehniki",
      "is_active": true,
      "created": "2020-03-24",
      "updated": "2020-03-24"
   }
},
{
   "model": "mygsp.offer",
   "pk": 1,
   "fields": {
      "category": 4,
      "first_name": "\u041f\u0430\u0432\u0435\u043b",
      "last_name": "\u042d\u0445\u043e",
      "middle_name": "\u0414\u043c\u0438\u0442\u0440\u0438\u0435\u0432\u0438\u0447",
      "phone": "+7-950-879-08-81",
      "email": "aspirpd@gmail.com",
      "name": "\u041f\u043e\u0447\u0438\u043d\u0438\u0442\u044c \u0441\u0442\u0438\u0440\u0430\u043b\u044c\u043d\u0443\u044e \u043c\u0430\u0448\u0438\u043d\u043a\u0443",
      "slug": "pochinit-stiralnuyu-mashinku",
      "image": "",
      "description": "\u0421\u043b\u043e\u043c\u0430\u043b\u0441\u044f \u0431\u0430\u0440\u0430\u0431\u0430\u043d. \u041d\u0435\u043e\u0431\u0445\u043e\u0434\u0438\u043c\u043e \u0441\u0434\u0435\u043b\u0430\u0442\u044c \u043c\u0435\u0445\u0430\u043d\u0438\u0447\u0435\u0441\u043a\u0443\u044e \u0447\u0430\u0441\u0442\u044c \u0441\u0442\u0438\u0440\u0430\u043b\u044c\u043d\u043e\u0439 \u043c\u0430\u0448\u0438\u043d\u043a\u0438.",
      "price": "1500",
      "start_time": null,
      "end_time": null,
      "available": true,
      "created": "2020-03-24",
      "updated": "2020-03-24"
   }
},
{
   "model": "ad.category",
   "pk": 1,
   "fields": {
      "name": "\u041a\u0440\u0435\u043f\u0451\u0436",
      "slug": "krepyozh",
      "is_active": true,
      "created": "2020-03-24",
      "updated": "2020-03-24"
   }
},
{
   "model": "ad.category",
   "pk": 2,
   "fields": {
      "name": "\u0421\u0442\u0440\u043e\u0438\u0442\u0435\u043b\u044c\u043d\u044b\u0435 \u043c\u0430\u0442\u0435\u0440\u0438\u0430\u043b\u044b",
      "slug": "stroitelnye-materialy",
      "is_active": true,
      "created": "2020-03-24",
      "updated": "2020-03-24"
   }
},
{
   "model": "ad.category",
   "pk": 3,
   "fields": {
      "name": "\u041a\u043e\u043c\u043f\u044c\u044e\u0442\u0435\u0440\u043d\u0430\u044f \u0442\u0435\u0445\u043d\u0438\u043a\u0430",
      "slug": "kompyuternaya-tehnika",
      "is_active": true,
      "created": "2020-03-24",
      "updated": "2020-03-24"
   }
},
{
   "model": "ad.subcategory",
   "pk": 1,
   "fields": {
      "category": 2,
      "name": "\u041a\u0430\u043c\u0435\u043d\u043d\u044b\u0435 \u0431\u043b\u043e\u043a\u0438",
      "slug": "kamennye-bloki",
      "is_active": true,
      "created": "2020-03-24",
      "updated": "2020-03-24"
   }
},
{
   "model": "ad.promotion",
   "pk": 1,
   "fields": {
      "subcategory": 1,
      "name": "\u041a\u043e\u0434 \u0440\u0435\u043c\u043e\u043d\u0442\u0430",
      "slug": "kod-remonta",
      "country": "\u0420\u043e\u0441\u0441\u0438\u044f",
      "region": "\u041a\u0443\u0440\u0441\u043a\u0430\u044f \u043e\u0431\u043b\u0430\u0441\u0442\u044c",
      "town": "\u041a\u0443\u0440\u0441\u043a",
      "address": "\u0443\u043b. \u041a\u0430\u0440\u043b\u0430 \u041c\u0430\u0440\u043a\u0441\u0430, 23",
      "site": "https://kodremonta.ru/",
      "phone": "+7-442-256-52-52",
      "email": "kodrem@gmail.com",
      "photo": "promotions_photos/2020/03/24/krepezh.jpg",
      "logotype": "promotions_logotypes/2020/03/24/logo_kodremonta.png",
      "description": "\u041d\u0430\u0448 \u0438\u043d\u0442\u0435\u0440\u043d\u0435\u0442-\u043c\u0430\u0433\u0430\u0437\u0438\u043d \u0441\u0434\u0435\u043b\u0430\u043d \u0434\u043b\u044f \u0442\u043e\u0433\u043e, \u0447\u0442\u043e\u0431\u044b \u0432\u044b \u0441\u043c\u043e\u0433\u043b\u0438 \u0443\u0434\u043e\u0431\u043d\u043e, \u0431\u0435\u0437 \u043b\u0438\u0448\u043d\u0438\u0445 \u0437\u0430\u0431\u043e\u0442 \u043d\u0430\u0439\u0442\u0438 \u0438 \u0437\u0430\u043a\u0430\u0437\u0430\u0442\u044c \u0442\u043e, \u0447\u0442\u043e \u0432\u0430\u0441 \u0438\u043d\u0442\u0435\u0440\u0435\u0441\u0443\u0435\u0442. \u041c\u044b \u0437\u0430\u0431\u043e\u0442\u0438\u043c\u0441\u044f \u043e \u0442\u043e\u043c, \u0447\u0442\u043e\u0431\u044b \u0430\u0441\u0441\u043e\u0440\u0442\u0438\u043c\u0435\u043d\u0442 \u0438\u043d\u0442\u0435\u0440\u043d\u0435\u0442-\u043c\u0430\u0433\u0430\u0437\u0438\u043d\u0430 \u0431\u044b\u043b \u0432\u0441\u0435\u0433\u0434\u0430 \u0430\u043a\u0442\u0443\u0430\u043b\u044c\u043d\u044b\u043c, \u0446\u0435\u043d\u044b \u0434\u043e\u0441\u0442\u0443\u043f\u043d\u044b\u043c\u0438, \u0441\u0435\u0440\u0432\u0438\u0441 \u043b\u0443\u0447\u0448\u0438\u043c.\r\n\r\n\u041f\u0440\u0435\u0434\u043b\u0430\u0433\u0430\u0435\u043c \u0432\u0430\u043c \u0443\u0431\u0435\u0434\u0438\u0442\u0441\u044f \u0432 \u044d\u0442\u043e\u043c, \u0441\u0434\u0435\u043b\u0430\u0432 \u0437\u0430\u043a\u0430\u0437, \u043a\u043e\u0442\u043e\u0440\u044b\u0439 \u0441\u043c\u043e\u0436\u0435\u0442\u0435 \u0431\u044b\u0441\u0442\u0440\u043e \u043e\u043f\u043b\u0430\u0442\u0438\u0442\u044c \u0438 \u043f\u043e\u043b\u0443\u0447\u0438\u0442\u044c. \u041f\u043e\u0434\u0440\u043e\u0431\u043d\u0435\u0435 \u043e \u0432\u0430\u0440\u0438\u0430\u043d\u0442\u0430\u0445 \u043e\u043f\u043b\u0430\u0442\u044b \u0438 \u0434\u043e\u0441\u0442\u0430\u0432\u043a\u0438 \u043c\u043e\u0436\u043d\u043e \u0443\u0437\u043d\u0430\u0442\u044c \u043d\u0430 \u0441\u043e\u043e\u0442\u0432\u0435\u0442\u0441\u0442\u0432\u0443\u044e\u0449\u0438\u0445 \u0441\u0442\u0440\u0430\u043d\u0438\u0446\u0430\u0445 \u0438\u043d\u0442\u0435\u0440\u043d\u0435\u0442-\u043c\u0430\u0433\u0430\u0437\u0438\u043d\u0430.",
      "is_active": true,
      "paid": false,
      "created": "2020-03-24",
      "updated": "2020-03-24",
      "category": [
         1,
         2
      ]
   }
},
{
   "model": "emails.emailtype",
   "pk": 1,
   "fields": {
      "name": "\u0423\u0432\u0435\u0434\u043e\u043c\u043b\u0435\u043d\u0438\u0435 \u0430\u0434\u043c\u0438\u043d\u0438\u0441\u0442\u0440\u0430\u0442\u043e\u0440\u0443",
      "is_active": true,
      "created": "2020-05-28",
      "updated": "2020-05-28"
   }
},
{
   "model": "emails.emailtype",
   "pk": 2,
   "fields": {
      "name": "\u0423\u0432\u0435\u0434\u043e\u043c\u043b\u0435\u043d\u0438\u0435 \u043f\u043e\u0434\u0430\u0432\u0448\u0435\u043c\u0443 \u0437\u0430\u044f\u0432\u043a\u0443 \u043d\u0430 \u043f\u0443\u0431\u043b\u0438\u043a\u0430\u0446\u0438\u044e \u0437\u0430\u043a\u0430\u0437\u0430",
      "is_active": true,
      "created": "2020-05-28",
      "updated": "2020-05-28"
   }
},
{
   "model": "emails.emailsendingfact",
   "pk": 1,
   "fields": {
      "type": 1,
      "offer": 6,
      "email": "gspcompany46@gmail.com",
      "created": "2020-05-28",
      "updated": "2020-05-28"
   }
},
{
   "model": "emails.emailsendingfact",
   "pk": 2,
   "fields": {
      "type": 2,
      "offer": 6,
      "email": "aspirpd@gmail.com",
      "created": "2020-05-28",
      "updated": "2020-05-28"
   }
},
{
   "model": "emails.emailsendingfact",
   "pk": 3,
   "fields": {
      "type": 1,
      "offer": 7,
      "email": "gspcompany46@gmail.com",
      "created": "2020-05-28",
      "updated": "2020-05-28"
   }
},
{
   "model": "emails.emailsendingfact",
   "pk": 4,
   "fields": {
      "type": 2,
      "offer": 7,
      "email": "aspirpd@gmail.com",
      "created": "2020-05-28",
      "updated": "2020-05-28"
   }
},
{
   "model": "emails.emailsendingfact",
   "pk": 5,
   "fields": {
      "type": 1,
      "offer": 8,
      "email": "gspcompany46@gmail.com",
      "created": "2020-05-28",
      "updated": "2020-05-28"
   }
},
{
   "model": "emails.emailsendingfact",
   "pk": 6,
   "fields": {
      "type": 2,
      "offer": 8,
      "email": "aspirpd@gmail.com",
      "created": "2020-05-28",
      "updated": "2020-05-28"
   }
},
{
   "model": "emails.emailsendingfact",
   "pk": 7,
   "fields": {
      "type": 1,
      "offer": 9,
      "email": "gspcompany46@gmail.com",
      "created": "2020-05-28",
      "updated": "2020-05-28"
   }
},
{
   "model": "emails.emailsendingfact",
   "pk": 8,
   "fields": {
      "type": 2,
      "offer": 9,
      "email": "aspirpd@gmail.com",
      "created": "2020-05-28",
      "updated": "2020-05-28"
   }
},
{
   "model": "emails.emailsendingfact",
   "pk": 9,
   "fields": {
      "type": 1,
      "offer": 10,
      "email": "gspcompany46@gmail.com",
      "created": "2020-05-28",
      "updated": "2020-05-28"
   }
},
{
   "model": "emails.emailsendingfact",
   "pk": 10,
   "fields": {
      "type": 2,
      "offer": 10,
      "email": "aspirpd@gmail.com",
      "created": "2020-05-28",
      "updated": "2020-05-28"
   }
},
{
   "model": "emails.emailsendingfact",
   "pk": 11,
   "fields": {
      "type": 1,
      "offer": 11,
      "email": "gspcompany46@gmail.com",
      "created": "2020-05-28",
      "updated": "2020-05-28"
   }
},
{
   "model": "emails.emailsendingfact",
   "pk": 12,
   "fields": {
      "type": 2,
      "offer": 11,
      "email": "aspirpd@gmail.com",
      "created": "2020-05-28",
      "updated": "2020-05-28"
   }
},
{
   "model": "emails.emailsendingfact",
   "pk": 13,
   "fields": {
      "type": 1,
      "offer": 12,
      "email": "gspcompany46@gmail.com",
      "created": "2020-05-28",
      "updated": "2020-05-28"
   }
},
{
   "model": "emails.emailsendingfact",
   "pk": 14,
   "fields": {
      "type": 2,
      "offer": 12,
      "email": "aspirpd@gmail.com",
      "created": "2020-05-28",
      "updated": "2020-05-28"
   }
},
{
   "model": "emails.emailsendingfact",
   "pk": 15,
   "fields": {
      "type": 1,
      "offer": 13,
      "email": "gspcompany46@gmail.com",
      "created": "2020-05-29",
      "updated": "2020-05-29"
   }
},
{
   "model": "emails.emailsendingfact",
   "pk": 16,
   "fields": {
      "type": 2,
      "offer": 13,
      "email": "aspirpd@gmail.com",
      "created": "2020-05-29",
      "updated": "2020-05-29"
   }
},
{
   "model": "emails.emailsendingfact",
   "pk": 17,
   "fields": {
      "type": 1,
      "offer": 14,
      "email": "gspcompany46@gmail.com",
      "created": "2020-05-29",
      "updated": "2020-05-29"
   }
},
{
   "model": "emails.emailsendingfact",
   "pk": 18,
   "fields": {
      "type": 2,
      "offer": 14,
      "email": "aspirpd@gmail.com",
      "created": "2020-05-29",
      "updated": "2020-05-29"
   }
},
{
   "model": "emails.emailsendingfact",
   "pk": 19,
   "fields": {
      "type": 1,
      "offer": 15,
      "email": "gspcompany46@gmail.com",
      "created": "2020-05-29",
      "updated": "2020-05-29"
   }
},
{
   "model": "emails.emailsendingfact",
   "pk": 20,
   "fields": {
      "type": 2,
      "offer": 15,
      "email": "aspirpd@gmail.com",
      "created": "2020-05-29",
      "updated": "2020-05-29"
   }
},
{
   "model": "emails.emailsendingfact",
   "pk": 21,
   "fields": {
      "type": 1,
      "offer": 16,
      "email": "gspcompany46@gmail.com",
      "created": "2020-05-29",
      "updated": "2020-05-29"
   }
},
{
   "model": "emails.emailsendingfact",
   "pk": 22,
   "fields": {
      "type": 2,
      "offer": 16,
      "email": "nikokolupaev@yandex.ru",
      "created": "2020-05-29",
      "updated": "2020-05-29"
   }
},
{
   "model": "emails.emailsendingfact",
   "pk": 23,
   "fields": {
      "type": 1,
      "offer": 17,
      "email": "gsptest46@gmail.com",
      "created": "2020-05-29",
      "updated": "2020-05-29"
   }
},
{
   "model": "emails.emailsendingfact",
   "pk": 24,
   "fields": {
      "type": 2,
      "offer": 17,
      "email": "aspirpd@gmail.com",
      "created": "2020-05-29",
      "updated": "2020-05-29"
   }
},
{
   "model": "emails.emailsendingfact",
   "pk": 25,
   "fields": {
      "type": 1,
      "offer": 18,
      "email": "gsptest46@gmail.com",
      "created": "2020-05-30",
      "updated": "2020-05-30"
   }
},
{
   "model": "emails.emailsendingfact",
   "pk": 26,
   "fields": {
      "type": 2,
      "offer": 18,
      "email": "aspirpd@gmail.com",
      "created": "2020-05-30",
      "updated": "2020-05-30"
   }
},
{
   "model": "admin.logentry",
   "pk": 1,
   "fields": {
      "action_time": "2020-03-24T13:08:08.300Z",
      "user": 1,
      "content_type": 5,
      "object_id": "1",
      "object_repr": "main_admin",
      "action_flag": 2,
      "change_message": "[{\"changed\": {\"fields\": [\"First name\", \"Last name\"]}}]"
   }
},
{
   "model": "admin.logentry",
   "pk": 2,
   "fields": {
      "action_time": "2020-03-24T13:16:29.459Z",
      "user": 1,
      "content_type": 10,
      "object_id": "1",
      "object_repr": "\u041a\u0440\u0435\u043f\u0451\u0436",
      "action_flag": 1,
      "change_message": "[{\"added\": {}}]"
   }
},
{
   "model": "admin.logentry",
   "pk": 3,
   "fields": {
      "action_time": "2020-03-24T13:16:40.632Z",
      "user": 1,
      "content_type": 10,
      "object_id": "2",
      "object_repr": "\u0421\u0442\u0440\u043e\u0438\u0442\u0435\u043b\u044c\u043d\u044b\u0435 \u043c\u0430\u0442\u0435\u0440\u0438\u0430\u043b\u044b",
      "action_flag": 1,
      "change_message": "[{\"added\": {}}]"
   }
},
{
   "model": "admin.logentry",
   "pk": 4,
   "fields": {
      "action_time": "2020-03-24T13:16:50.630Z",
      "user": 1,
      "content_type": 10,
      "object_id": "3",
      "object_repr": "\u041a\u043e\u043c\u043f\u044c\u044e\u0442\u0435\u0440\u043d\u0430\u044f \u0442\u0435\u0445\u043d\u0438\u043a\u0430",
      "action_flag": 1,
      "change_message": "[{\"added\": {}}]"
   }
},
{
   "model": "admin.logentry",
   "pk": 5,
   "fields": {
      "action_time": "2020-03-24T13:17:27.636Z",
      "user": 1,
      "content_type": 11,
      "object_id": "1",
      "object_repr": "\u041a\u0430\u043c\u0435\u043d\u043d\u044b\u0435 \u0431\u043b\u043e\u043a\u0438",
      "action_flag": 1,
      "change_message": "[{\"added\": {}}]"
   }
},
{
   "model": "admin.logentry",
   "pk": 6,
   "fields": {
      "action_time": "2020-03-24T13:19:54.674Z",
      "user": 1,
      "content_type": 12,
      "object_id": "1",
      "object_repr": "\u041a\u043e\u0434 \u0440\u0435\u043c\u043e\u043d\u0442\u0430",
      "action_flag": 1,
      "change_message": "[{\"added\": {}}]"
   }
},
{
   "model": "admin.logentry",
   "pk": 7,
   "fields": {
      "action_time": "2020-03-24T13:20:57.600Z",
      "user": 1,
      "content_type": 12,
      "object_id": "1",
      "object_repr": "\u041a\u043e\u0434 \u0440\u0435\u043c\u043e\u043d\u0442\u0430",
      "action_flag": 2,
      "change_message": "[{\"changed\": {\"fields\": [\"\\u041b\\u043e\\u0433\\u043e\\u0442\\u0438\\u043f\", \"\\u0424\\u043e\\u0442\\u043e\"]}}]"
   }
},
{
   "model": "admin.logentry",
   "pk": 8,
   "fields": {
      "action_time": "2020-03-24T13:22:50.258Z",
      "user": 1,
      "content_type": 8,
      "object_id": "1",
      "object_repr": "\u0420\u0435\u043c\u043e\u043d\u0442 \u0432 \u043a\u0432\u0430\u0440\u0442\u0438\u0440\u0435",
      "action_flag": 1,
      "change_message": "[{\"added\": {}}]"
   }
},
{
   "model": "admin.logentry",
   "pk": 9,
   "fields": {
      "action_time": "2020-03-24T13:23:08.587Z",
      "user": 1,
      "content_type": 8,
      "object_id": "1",
      "object_repr": "\u041a\u043e\u043c\u043f\u043b\u0435\u043a\u0441\u043d\u044b\u0435 \u0440\u0430\u0431\u043e\u0442\u044b",
      "action_flag": 2,
      "change_message": "[{\"changed\": {\"fields\": [\"\\u041d\\u0430\\u0437\\u0432\\u0430\\u043d\\u0438\\u0435 \\u043a\\u0430\\u0442\\u0435\\u0433\\u043e\\u0440\\u0438\\u0438\"]}}]"
   }
},
{
   "model": "admin.logentry",
   "pk": 10,
   "fields": {
      "action_time": "2020-03-24T13:24:23.615Z",
      "user": 1,
      "content_type": 8,
      "object_id": "1",
      "object_repr": "\u041a\u043e\u043c\u043f\u043b\u0435\u043a\u0441\u043d\u044b\u0435 \u0440\u0430\u0431\u043e\u0442\u044b",
      "action_flag": 2,
      "change_message": "[{\"changed\": {\"fields\": [\"Nazvanie_kategorii\"]}}]"
   }
},
{
   "model": "admin.logentry",
   "pk": 11,
   "fields": {
      "action_time": "2020-03-24T13:24:38.825Z",
      "user": 1,
      "content_type": 8,
      "object_id": "2",
      "object_repr": "\u0421\u0442\u0440\u043e\u0438\u0442\u0435\u043b\u044c\u043d\u043e-\u043c\u043e\u043d\u0442\u0430\u0436\u043d\u044b\u0435 \u0440\u0430\u0431\u043e\u0442\u044b",
      "action_flag": 1,
      "change_message": "[{\"added\": {}}]"
   }
},
{
   "model": "admin.logentry",
   "pk": 12,
   "fields": {
      "action_time": "2020-03-24T13:24:51.058Z",
      "user": 1,
      "content_type": 8,
      "object_id": "3",
      "object_repr": "\u0418\u043d\u0436\u0435\u043d\u0435\u0440\u043d\u044b\u0435 \u0441\u0438\u0441\u0442\u0435\u043c\u044b",
      "action_flag": 1,
      "change_message": "[{\"added\": {}}]"
   }
},
{
   "model": "admin.logentry",
   "pk": 13,
   "fields": {
      "action_time": "2020-03-24T13:25:03.357Z",
      "user": 1,
      "content_type": 8,
      "object_id": "4",
      "object_repr": "\u0420\u0435\u043c\u043e\u043d\u0442 \u0431\u044b\u0442\u043e\u0432\u043e\u0439 \u0442\u0435\u0445\u043d\u0438\u043a\u0438",
      "action_flag": 1,
      "change_message": "[{\"added\": {}}]"
   }
},
{
   "model": "admin.logentry",
   "pk": 14,
   "fields": {
      "action_time": "2020-03-24T13:26:55.185Z",
      "user": 1,
      "content_type": 9,
      "object_id": "1",
      "object_repr": "\u041f\u043e\u0447\u0438\u043d\u0438\u0442\u044c \u0441\u0442\u0438\u0440\u0430\u043b\u044c\u043d\u0443\u044e \u043c\u0430\u0448\u0438\u043d\u043a\u0443",
      "action_flag": 1,
      "change_message": "[{\"added\": {}}]"
   }
},
{
   "model": "admin.logentry",
   "pk": 15,
   "fields": {
      "action_time": "2020-03-24T13:27:28.783Z",
      "user": 1,
      "content_type": 9,
      "object_id": "1",
      "object_repr": "\u041f\u043e\u0447\u0438\u043d\u0438\u0442\u044c \u0441\u0442\u0438\u0440\u0430\u043b\u044c\u043d\u0443\u044e \u043c\u0430\u0448\u0438\u043d\u043a\u0443",
      "action_flag": 2,
      "change_message": "[{\"changed\": {\"fields\": [\"\\u0426\\u0435\\u043d\\u0430 \\u0440\\u0430\\u0431\\u043e\\u0442\\u044b\"]}}]"
   }
},
{
   "model": "admin.logentry",
   "pk": 16,
   "fields": {
      "action_time": "2020-03-30T11:16:05.946Z",
      "user": 1,
      "content_type": 12,
      "object_id": "1",
      "object_repr": "\u041a\u043e\u0434 \u0440\u0435\u043c\u043e\u043d\u0442\u0430",
      "action_flag": 2,
      "change_message": "[{\"changed\": {\"fields\": [\"\\u041d\\u0430\\u0447\\u0430\\u043b\\u043e \\u0440\\u0430\\u0431\\u043e\\u0447\\u0435\\u0433\\u043e \\u0434\\u043d\\u044f (\\u0432\\u044b\\u0445\\u043e\\u0434\\u043d\\u044b\\u0435)\", \"\\u041a\\u043e\\u043d\\u0435\\u0446 \\u0440\\u0430\\u0431\\u043e\\u0447\\u0435\\u0433\\u043e \\u0434\\u043d\\u044f (\\u0432\\u044b\\u0445\\u043e\\u0434\\u043d\\u044b\\u0435)\"]}}]"
   }
},
{
   "model": "admin.logentry",
   "pk": 17,
   "fields": {
      "action_time": "2020-03-30T11:30:12.739Z",
      "user": 1,
      "content_type": 12,
      "object_id": "1",
      "object_repr": "\u041a\u043e\u0434 \u0440\u0435\u043c\u043e\u043d\u0442\u0430",
      "action_flag": 2,
      "change_message": "[{\"changed\": {\"fields\": [\"\\u041d\\u0430\\u0447\\u0430\\u043b\\u043e \\u0440\\u0430\\u0431\\u043e\\u0447\\u0435\\u0433\\u043e \\u0434\\u043d\\u044f (\\u0421\\u0443\\u0431\\u0431\\u043e\\u0442\\u0430)\", \"\\u041a\\u043e\\u043d\\u0435\\u0446 \\u0440\\u0430\\u0431\\u043e\\u0447\\u0435\\u0433\\u043e \\u0434\\u043d\\u044f (\\u0421\\u0443\\u0431\\u0431\\u043e\\u0442\\u0430)\"]}}]"
   }
},
{
   "model": "admin.logentry",
   "pk": 18,
   "fields": {
      "action_time": "2020-03-30T11:31:49.237Z",
      "user": 1,
      "content_type": 12,
      "object_id": "1",
      "object_repr": "\u041a\u043e\u0434 \u0440\u0435\u043c\u043e\u043d\u0442\u0430",
      "action_flag": 2,
      "change_message": "[{\"changed\": {\"fields\": [\"\\u041d\\u0430\\u0447\\u0430\\u043b\\u043e \\u0440\\u0430\\u0431\\u043e\\u0447\\u0435\\u0433\\u043e \\u0434\\u043d\\u044f (\\u0421\\u0443\\u0431\\u0431\\u043e\\u0442\\u0430)\", \"\\u041a\\u043e\\u043d\\u0435\\u0446 \\u0440\\u0430\\u0431\\u043e\\u0447\\u0435\\u0433\\u043e \\u0434\\u043d\\u044f (\\u0421\\u0443\\u0431\\u0431\\u043e\\u0442\\u0430)\"]}}]"
   }
},
{
   "model": "admin.logentry",
   "pk": 19,
   "fields": {
      "action_time": "2020-03-30T11:52:50.218Z",
      "user": 1,
      "content_type": 12,
      "object_id": "1",
      "object_repr": "\u041a\u043e\u0434 \u0440\u0435\u043c\u043e\u043d\u0442\u0430",
      "action_flag": 2,
      "change_message": "[{\"changed\": {\"fields\": [\"\\u041e\\u0431\\u0435\\u0434\\u0435\\u043d\\u043d\\u044b\\u0439 \\u043f\\u0435\\u0440\\u0435\\u0440\\u044b\\u0432 (\\u043d\\u0430\\u0447\\u0430\\u043b\\u043e)\", \"\\u041e\\u0431\\u0435\\u0434\\u0435\\u043d\\u043d\\u044b\\u0439 \\u043f\\u0435\\u0440\\u0435\\u0440\\u044b\\u0432 (\\u043a\\u043e\\u043d\\u0435\\u0446)\"]}}]"
   }
},
{
   "model": "admin.logentry",
   "pk": 20,
   "fields": {
      "action_time": "2020-03-31T14:00:53.922Z",
      "user": 1,
      "content_type": 12,
      "object_id": "1",
      "object_repr": "\u041a\u043e\u0434 \u0440\u0435\u043c\u043e\u043d\u0442\u0430",
      "action_flag": 2,
      "change_message": "[{\"changed\": {\"fields\": [\"\\u041a\\u0430\\u0442\\u0435\\u0433\\u043e\\u0440\\u0438\\u044f \\u0440\\u0435\\u043a\\u043b\\u0430\\u043c\\u044b\"]}}]"
   }
},
{
   "model": "admin.logentry",
   "pk": 21,
   "fields": {
      "action_time": "2020-04-09T14:39:26.930Z",
      "user": 1,
      "content_type": 15,
      "object_id": "1",
      "object_repr": "\u0418\u043d\u0441\u0442\u0440\u0443\u043c\u0435\u043d\u0442",
      "action_flag": 1,
      "change_message": "[{\"added\": {}}]"
   }
},
{
   "model": "admin.logentry",
   "pk": 22,
   "fields": {
      "action_time": "2020-04-09T14:39:32.029Z",
      "user": 1,
      "content_type": 15,
      "object_id": "2",
      "object_repr": "\u0418\u0437\u043c\u0435\u0440\u0438\u0442\u0435\u043b\u044c\u043d\u044b\u0439 \u0438\u043d\u0441\u0442\u0440\u0443\u043c\u0435\u043d\u0442",
      "action_flag": 1,
      "change_message": "[{\"added\": {}}]"
   }
},
{
   "model": "admin.logentry",
   "pk": 23,
   "fields": {
      "action_time": "2020-04-09T14:39:46.997Z",
      "user": 1,
      "content_type": 15,
      "object_id": "3",
      "object_repr": "\u0411\u0435\u043d\u0437\u043e\u0438\u043d\u0441\u0442\u0440\u0443\u043c\u0435\u043d\u0442",
      "action_flag": 1,
      "change_message": "[{\"added\": {}}]"
   }
},
{
   "model": "admin.logentry",
   "pk": 24,
   "fields": {
      "action_time": "2020-04-09T14:39:57.637Z",
      "user": 1,
      "content_type": 15,
      "object_id": "4",
      "object_repr": "\u0420\u0443\u0447\u043d\u043e\u0439 \u0438\u043d\u0441\u0442\u0440\u0443\u043c\u0435\u043d\u0442",
      "action_flag": 1,
      "change_message": "[{\"added\": {}}]"
   }
},
{
   "model": "admin.logentry",
   "pk": 25,
   "fields": {
      "action_time": "2020-04-09T14:49:51.828Z",
      "user": 1,
      "content_type": 14,
      "object_id": "1",
      "object_repr": "\u0422\u0435\u0445\u043d\u043e\u0440\u0430\u043c\u0430",
      "action_flag": 1,
      "change_message": "[{\"added\": {}}, {\"added\": {\"name\": \"\\u041f\\u043e\\u0434\\u0440\\u043e\\u0431\\u043d\\u0430\\u044f \\u0438\\u043d\\u0444\\u043e\\u0440\\u043c\\u0430\\u0446\\u0438\\u044f \\u043a \\u0440\\u0435\\u043a\\u043b\\u0430\\u043c\\u043e\\u0434\\u0430\\u0442\\u0435\\u043b\\u044e\", \"object\": \"1\"}}, {\"added\": {\"name\": \"\\u041f\\u043e\\u0434\\u0440\\u043e\\u0431\\u043d\\u0430\\u044f \\u0438\\u043d\\u0444\\u043e\\u0440\\u043c\\u0430\\u0446\\u0438\\u044f \\u043a \\u0440\\u0435\\u043a\\u043b\\u0430\\u043c\\u043e\\u0434\\u0430\\u0442\\u0435\\u043b\\u044e\", \"object\": \"2\"}}]"
   }
},
{
   "model": "admin.logentry",
   "pk": 26,
   "fields": {
      "action_time": "2020-04-09T14:53:06.729Z",
      "user": 1,
      "content_type": 14,
      "object_id": "1",
      "object_repr": "\u0422\u0435\u0445\u043d\u043e\u0440\u0430\u043c\u0430",
      "action_flag": 2,
      "change_message": "[{\"changed\": {\"fields\": [\"\\u0424\\u043e\\u0442\\u043e\"]}}]"
   }
},
{
   "model": "admin.logentry",
   "pk": 27,
   "fields": {
      "action_time": "2020-04-09T15:05:05.840Z",
      "user": 1,
      "content_type": 16,
      "object_id": "1",
      "object_repr": "\u0420\u0435\u043c\u043e\u043d\u0442 \u044d\u043b\u0435\u043a\u0442\u0440\u043e\u043d\u0438\u043a\u0438",
      "action_flag": 1,
      "change_message": "[{\"added\": {}}]"
   }
},
{
   "model": "admin.logentry",
   "pk": 28,
   "fields": {
      "action_time": "2020-04-09T15:05:09.276Z",
      "user": 1,
      "content_type": 16,
      "object_id": "2",
      "object_repr": "\u0420\u0435\u043c\u043e\u043d\u0442 \u0442\u0435\u043b\u0435\u0444\u043e\u043d\u043e\u0432",
      "action_flag": 1,
      "change_message": "[{\"added\": {}}]"
   }
},
{
   "model": "admin.logentry",
   "pk": 29,
   "fields": {
      "action_time": "2020-04-09T15:06:29.593Z",
      "user": 1,
      "content_type": 16,
      "object_id": "3",
      "object_repr": "\u0420\u0435\u043c\u043e\u043d\u0442 \u043a\u043e\u043c\u043f\u044c\u044e\u0442\u0435\u0440\u043e\u0432",
      "action_flag": 1,
      "change_message": "[{\"added\": {}}]"
   }
},
{
   "model": "admin.logentry",
   "pk": 30,
   "fields": {
      "action_time": "2020-04-09T15:06:46.804Z",
      "user": 1,
      "content_type": 16,
      "object_id": "4",
      "object_repr": "\u0420\u0435\u043c\u043e\u043d\u0442 \u043f\u043b\u0430\u043d\u0448\u0435\u0442\u043e\u0432",
      "action_flag": 1,
      "change_message": "[{\"added\": {}}]"
   }
},
{
   "model": "admin.logentry",
   "pk": 31,
   "fields": {
      "action_time": "2020-04-09T15:06:59.928Z",
      "user": 1,
      "content_type": 16,
      "object_id": "5",
      "object_repr": "\u0420\u0435\u043c\u043e\u043d\u0442 \u0442\u0435\u043b\u0435\u0432\u0438\u0437\u043e\u0440\u043e\u0432",
      "action_flag": 1,
      "change_message": "[{\"added\": {}}]"
   }
},
{
   "model": "admin.logentry",
   "pk": 32,
   "fields": {
      "action_time": "2020-04-09T15:07:31.131Z",
      "user": 1,
      "content_type": 16,
      "object_id": "6",
      "object_repr": "\u0420\u0435\u043c\u043e\u043d\u0442 \u043f\u0440\u043e\u0447\u0435\u0439 \u044d\u043b\u0435\u043a\u0442\u0440\u043e\u043d\u0438\u043a\u0438",
      "action_flag": 1,
      "change_message": "[{\"added\": {}}]"
   }
},
{
   "model": "admin.logentry",
   "pk": 33,
   "fields": {
      "action_time": "2020-04-09T15:11:36.127Z",
      "user": 1,
      "content_type": 17,
      "object_id": "1",
      "object_repr": "\u0417\u0430\u043c\u0435\u043d\u0430 \u0438\u043b\u0438 \u0440\u0435\u043c\u043e\u043d\u0442 \u043c\u043e\u0434\u0443\u043b\u044f \u0432\u0430\u0439\u0444\u0430\u0439 \u043d\u0430 \u0430\u0439\u0444\u043e\u043d\u0435 6",
      "action_flag": 1,
      "change_message": "[{\"added\": {}}]"
   }
},
{
   "model": "admin.logentry",
   "pk": 34,
   "fields": {
      "action_time": "2020-04-09T15:11:49.010Z",
      "user": 1,
      "content_type": 17,
      "object_id": "1",
      "object_repr": "\u0417\u0430\u043c\u0435\u043d\u0430 \u0438\u043b\u0438 \u0440\u0435\u043c\u043e\u043d\u0442 \u043c\u043e\u0434\u0443\u043b\u044f \u0432\u0430\u0439\u0444\u0430\u0439 \u043d\u0430 \u0430\u0439\u0444\u043e\u043d\u0435 6",
      "action_flag": 2,
      "change_message": "[{\"changed\": {\"fields\": [\"\\u041a\\u0430\\u0442\\u0435\\u0433\\u043e\\u0440\\u0438\\u044f \\u0440\\u0430\\u0431\\u043e\\u0442\"]}}]"
   }
},
{
   "model": "admin.logentry",
   "pk": 35,
   "fields": {
      "action_time": "2020-04-09T15:12:54.110Z",
      "user": 1,
      "content_type": 17,
      "object_id": "1",
      "object_repr": "\u0417\u0430\u043c\u0435\u043d\u0430 \u0438\u043b\u0438 \u0440\u0435\u043c\u043e\u043d\u0442 \u043c\u043e\u0434\u0443\u043b\u044f \u0432\u0430\u0439\u0444\u0430\u0439 \u043d\u0430 \u0430\u0439\u0444\u043e\u043d\u0435 6",
      "action_flag": 2,
      "change_message": "[{\"changed\": {\"fields\": [\"\\u041a\\u0430\\u0442\\u0435\\u0433\\u043e\\u0440\\u0438\\u044f \\u0440\\u0430\\u0431\\u043e\\u0442\"]}}]"
   }
},
{
   "model": "admin.logentry",
   "pk": 36,
   "fields": {
      "action_time": "2020-04-09T15:13:11.360Z",
      "user": 1,
      "content_type": 17,
      "object_id": "1",
      "object_repr": "\u0417\u0430\u043c\u0435\u043d\u0430 \u0438\u043b\u0438 \u0440\u0435\u043c\u043e\u043d\u0442 \u043c\u043e\u0434\u0443\u043b\u044f \u0432\u0430\u0439\u0444\u0430\u0439 \u043d\u0430 \u0430\u0439\u0444\u043e\u043d\u0435 6",
      "action_flag": 2,
      "change_message": "[{\"changed\": {\"fields\": [\"\\u041a\\u0430\\u0442\\u0435\\u0433\\u043e\\u0440\\u0438\\u044f \\u0440\\u0430\\u0431\\u043e\\u0442\"]}}]"
   }
},
{
   "model": "admin.logentry",
   "pk": 37,
   "fields": {
      "action_time": "2020-04-09T15:13:19.822Z",
      "user": 1,
      "content_type": 17,
      "object_id": "1",
      "object_repr": "\u0417\u0430\u043c\u0435\u043d\u0430 \u0438\u043b\u0438 \u0440\u0435\u043c\u043e\u043d\u0442 \u043c\u043e\u0434\u0443\u043b\u044f \u0432\u0430\u0439\u0444\u0430\u0439 \u043d\u0430 \u0430\u0439\u0444\u043e\u043d\u0435 6",
      "action_flag": 2,
      "change_message": "[{\"changed\": {\"fields\": [\"\\u041a\\u0430\\u0442\\u0435\\u0433\\u043e\\u0440\\u0438\\u044f \\u0440\\u0430\\u0431\\u043e\\u0442\"]}}]"
   }
},
{
   "model": "admin.logentry",
   "pk": 38,
   "fields": {
      "action_time": "2020-04-09T15:13:44.703Z",
      "user": 1,
      "content_type": 17,
      "object_id": "1",
      "object_repr": "\u0417\u0430\u043c\u0435\u043d\u0430 \u0438\u043b\u0438 \u0440\u0435\u043c\u043e\u043d\u0442 \u043c\u043e\u0434\u0443\u043b\u044f \u0432\u0430\u0439\u0444\u0430\u0439 \u043d\u0430 \u0430\u0439\u0444\u043e\u043d\u0435 6",
      "action_flag": 2,
      "change_message": "[{\"changed\": {\"fields\": [\"\\u041a\\u0430\\u0442\\u0435\\u0433\\u043e\\u0440\\u0438\\u044f \\u0440\\u0430\\u0431\\u043e\\u0442\"]}}]"
   }
},
{
   "model": "admin.logentry",
   "pk": 39,
   "fields": {
      "action_time": "2020-04-09T15:13:49.898Z",
      "user": 1,
      "content_type": 17,
      "object_id": "1",
      "object_repr": "\u0417\u0430\u043c\u0435\u043d\u0430 \u0438\u043b\u0438 \u0440\u0435\u043c\u043e\u043d\u0442 \u043c\u043e\u0434\u0443\u043b\u044f \u0432\u0430\u0439\u0444\u0430\u0439 \u043d\u0430 \u0430\u0439\u0444\u043e\u043d\u0435 6",
      "action_flag": 2,
      "change_message": "[{\"changed\": {\"fields\": [\"\\u041a\\u0430\\u0442\\u0435\\u0433\\u043e\\u0440\\u0438\\u044f \\u0440\\u0430\\u0431\\u043e\\u0442\"]}}]"
   }
},
{
   "model": "admin.logentry",
   "pk": 40,
   "fields": {
      "action_time": "2020-04-10T16:05:52.809Z",
      "user": 1,
      "content_type": 14,
      "object_id": "2",
      "object_repr": "\u0422\u0435\u0445\u043d\u043e\u0440\u0430\u043c\u0430",
      "action_flag": 1,
      "change_message": "[{\"added\": {}}, {\"added\": {\"name\": \"\\u041f\\u043e\\u0434\\u0440\\u043e\\u0431\\u043d\\u0430\\u044f \\u0438\\u043d\\u0444\\u043e\\u0440\\u043c\\u0430\\u0446\\u0438\\u044f \\u043a \\u0440\\u0435\\u043a\\u043b\\u0430\\u043c\\u043e\\u0434\\u0430\\u0442\\u0435\\u043b\\u044e\", \"object\": \"3\"}}, {\"added\": {\"name\": \"\\u041f\\u043e\\u0434\\u0440\\u043e\\u0431\\u043d\\u0430\\u044f \\u0438\\u043d\\u0444\\u043e\\u0440\\u043c\\u0430\\u0446\\u0438\\u044f \\u043a \\u0440\\u0435\\u043a\\u043b\\u0430\\u043c\\u043e\\u0434\\u0430\\u0442\\u0435\\u043b\\u044e\", \"object\": \"4\"}}]"
   }
},
{
   "model": "admin.logentry",
   "pk": 41,
   "fields": {
      "action_time": "2020-04-10T16:06:09.468Z",
      "user": 1,
      "content_type": 14,
      "object_id": "2",
      "object_repr": "\u0422\u0435\u0445\u043d\u043e\u0440\u0430\u043c\u0430",
      "action_flag": 2,
      "change_message": "[{\"changed\": {\"fields\": [\"\\u041b\\u043e\\u0433\\u043e\\u0442\\u0438\\u043f\", \"\\u0424\\u043e\\u0442\\u043e\"]}}]"
   }
},
{
   "model": "admin.logentry",
   "pk": 42,
   "fields": {
      "action_time": "2020-05-28T13:17:17.926Z",
      "user": 1,
      "content_type": 19,
      "object_id": "1",
      "object_repr": "\u0423\u0432\u0435\u0434\u043e\u043c\u043b\u0435\u043d\u0438\u0435 \u0430\u0434\u043c\u0438\u043d\u0438\u0441\u0442\u0440\u0430\u0442\u043e\u0440\u0443",
      "action_flag": 1,
      "change_message": "[{\"added\": {}}]"
   }
},
{
   "model": "admin.logentry",
   "pk": 43,
   "fields": {
      "action_time": "2020-05-28T13:17:47.736Z",
      "user": 1,
      "content_type": 19,
      "object_id": "2",
      "object_repr": "\u0423\u0432\u0435\u0434\u043e\u043c\u043b\u0435\u043d\u0438\u0435 \u043f\u043e\u0434\u0430\u0432\u0448\u0435\u043c\u0443 \u0437\u0430\u044f\u0432\u043a\u0443 \u043d\u0430 \u043f\u0443\u0431\u043b\u0438\u043a\u0430\u0446\u0438\u044e \u0437\u0430\u043a\u0430\u0437\u0430",
      "action_flag": 1,
      "change_message": "[{\"added\": {}}]"
   }
},
{
   "model": "admin.logentry",
   "pk": 44,
   "fields": {
      "action_time": "2020-05-28T13:38:11.884Z",
      "user": 1,
      "content_type": 17,
      "object_id": "2",
      "object_repr": "\u0411\u043b\u043e\u043a \u043f\u0438\u0442\u0430\u043d\u0438\u044f \u043d\u0430 500 \u0412\u0442 \u0432\u044b\u0448\u0435\u043b \u0438\u0437 \u0441\u0442\u0440\u043e\u044f.",
      "action_flag": 2,
      "change_message": "[{\"changed\": {\"fields\": [\"\\u041a\\u0430\\u0442\\u0435\\u0433\\u043e\\u0440\\u0438\\u044f \\u0440\\u0430\\u0431\\u043e\\u0442\", \"\\u0421\\u043b\\u0430\\u0433\", \"\\u0410\\u043a\\u0442\\u0443\\u0430\\u043b\\u044c\\u043d\\u043e\\u0441\\u0442\\u044c \\u0437\\u0430\\u043a\\u0430\\u0437\\u0430\"]}}]"
   }
},
{
   "model": "admin.logentry",
   "pk": 45,
   "fields": {
      "action_time": "2020-05-28T14:12:02.615Z",
      "user": 1,
      "content_type": 17,
      "object_id": "6",
      "object_repr": "\u0421\u043b\u043e\u043c\u0430\u043b\u0441\u044f \u044d\u043b\u0435\u043a\u0442\u0440\u0438\u0447\u0435\u0441\u043a\u0438\u0439 \u0447\u0430\u0439\u043d\u0438\u043a \u0444\u0438\u0440\u043c\u044b \"Vitek\"",
      "action_flag": 2,
      "change_message": "[{\"changed\": {\"fields\": [\"\\u041a\\u0430\\u0442\\u0435\\u0433\\u043e\\u0440\\u0438\\u044f \\u0440\\u0430\\u0431\\u043e\\u0442\", \"\\u0421\\u043b\\u0430\\u0433\", \"\\u0410\\u043a\\u0442\\u0443\\u0430\\u043b\\u044c\\u043d\\u043e\\u0441\\u0442\\u044c \\u0437\\u0430\\u043a\\u0430\\u0437\\u0430\"]}}]"
   }
},
{
   "model": "admin.logentry",
   "pk": 46,
   "fields": {
      "action_time": "2020-05-28T14:24:24.690Z",
      "user": 1,
      "content_type": 17,
      "object_id": "7",
      "object_repr": "\u041d\u0435 \u0432\u043a\u043b\u044e\u0447\u0430\u0435\u0442\u0441\u044f \u0442\u0435\u043b\u0435\u0444\u043e\u043d iPhone 7 plus",
      "action_flag": 2,
      "change_message": "[{\"changed\": {\"fields\": [\"\\u041a\\u0430\\u0442\\u0435\\u0433\\u043e\\u0440\\u0438\\u044f \\u0440\\u0430\\u0431\\u043e\\u0442\", \"\\u0421\\u043b\\u0430\\u0433\", \"\\u0410\\u043a\\u0442\\u0443\\u0430\\u043b\\u044c\\u043d\\u043e\\u0441\\u0442\\u044c \\u0437\\u0430\\u043a\\u0430\\u0437\\u0430\"]}}]"
   }
},
{
   "model": "admin.logentry",
   "pk": 47,
   "fields": {
      "action_time": "2020-05-28T14:24:42.767Z",
      "user": 1,
      "content_type": 17,
      "object_id": "2",
      "object_repr": "\u0411\u043b\u043e\u043a \u043f\u0438\u0442\u0430\u043d\u0438\u044f \u043d\u0430 500 \u0412\u0442 \u0432\u044b\u0448\u0435\u043b \u0438\u0437 \u0441\u0442\u0440\u043e\u044f.",
      "action_flag": 2,
      "change_message": "[{\"changed\": {\"fields\": [\"\\u0414\\u0430\\u0442\\u0430 \\u043e\\u043a\\u043e\\u043d\\u0447\\u0430\\u043d\\u0438\\u044f \\u0440\\u0430\\u0431\\u043e\\u0442\"]}}]"
   }
},
{
   "model": "admin.logentry",
   "pk": 48,
   "fields": {
      "action_time": "2020-05-28T14:34:13.356Z",
      "user": 1,
      "content_type": 17,
      "object_id": "8",
      "object_repr": "\u0422\u0440\u0435\u0431\u0443\u0435\u0442\u0441\u044f \u043f\u043e\u0447\u0438\u043d\u043a\u0430 \u0442\u0435\u043b\u0435\u0432\u0438\u0437\u043e\u0440 Samsung",
      "action_flag": 2,
      "change_message": "[{\"changed\": {\"fields\": [\"\\u041a\\u0430\\u0442\\u0435\\u0433\\u043e\\u0440\\u0438\\u044f \\u0440\\u0430\\u0431\\u043e\\u0442\", \"\\u0421\\u043b\\u0430\\u0433\"]}}]"
   }
},
{
   "model": "admin.logentry",
   "pk": 49,
   "fields": {
      "action_time": "2020-05-28T14:34:31.889Z",
      "user": 1,
      "content_type": 17,
      "object_id": "8",
      "object_repr": "\u0422\u0440\u0435\u0431\u0443\u0435\u0442\u0441\u044f \u043f\u043e\u0447\u0438\u043d\u043a\u0430 \u0442\u0435\u043b\u0435\u0432\u0438\u0437\u043e\u0440 Samsung",
      "action_flag": 2,
      "change_message": "[{\"changed\": {\"fields\": [\"\\u0410\\u043a\\u0442\\u0443\\u0430\\u043b\\u044c\\u043d\\u043e\\u0441\\u0442\\u044c \\u0437\\u0430\\u043a\\u0430\\u0437\\u0430\"]}}]"
   }
},
{
   "model": "admin.logentry",
   "pk": 50,
   "fields": {
      "action_time": "2020-05-28T14:34:57.021Z",
      "user": 1,
      "content_type": 17,
      "object_id": "8",
      "object_repr": "\u0422\u0440\u0435\u0431\u0443\u0435\u0442\u0441\u044f \u043f\u043e\u0447\u0438\u043d\u043a\u0430 \u0442\u0435\u043b\u0435\u0432\u0438\u0437\u043e\u0440 Samsung",
      "action_flag": 2,
      "change_message": "[{\"changed\": {\"fields\": [\"\\u0424\\u043e\\u0442\\u043e\"]}}]"
   }
},
{
   "model": "admin.logentry",
   "pk": 51,
   "fields": {
      "action_time": "2020-05-28T16:04:39.915Z",
      "user": 1,
      "content_type": 17,
      "object_id": "9",
      "object_repr": "\u041f\u043e\u0447\u0438\u043d\u0438\u0442\u044c \u043d\u043e\u0443\u0442\u0431\u0443\u043a Acer Aspire 5",
      "action_flag": 2,
      "change_message": "[{\"changed\": {\"fields\": [\"\\u041a\\u0430\\u0442\\u0435\\u0433\\u043e\\u0440\\u0438\\u044f \\u0440\\u0430\\u0431\\u043e\\u0442\", \"\\u0421\\u043b\\u0430\\u0433\", \"\\u0410\\u043a\\u0442\\u0443\\u0430\\u043b\\u044c\\u043d\\u043e\\u0441\\u0442\\u044c \\u0437\\u0430\\u043a\\u0430\\u0437\\u0430\"]}}]"
   }
},
{
   "model": "admin.logentry",
   "pk": 52,
   "fields": {
      "action_time": "2020-05-28T16:23:37.391Z",
      "user": 1,
      "content_type": 17,
      "object_id": "10",
      "object_repr": "\u041f\u043e\u0447\u0438\u043d\u0438\u0442\u044c \u043a\u043e\u043c\u043f\u044c\u044e\u0442\u0435\u0440",
      "action_flag": 2,
      "change_message": "[{\"changed\": {\"fields\": [\"\\u041a\\u0430\\u0442\\u0435\\u0433\\u043e\\u0440\\u0438\\u044f \\u0440\\u0430\\u0431\\u043e\\u0442\", \"\\u0421\\u043b\\u0430\\u0433\", \"\\u0410\\u043a\\u0442\\u0443\\u0430\\u043b\\u044c\\u043d\\u043e\\u0441\\u0442\\u044c \\u0437\\u0430\\u043a\\u0430\\u0437\\u0430\"]}}]"
   }
},
{
   "model": "admin.logentry",
   "pk": 53,
   "fields": {
      "action_time": "2020-05-28T16:32:23.546Z",
      "user": 1,
      "content_type": 17,
      "object_id": "11",
      "object_repr": "\u0417\u0430\u043c\u0435\u043d\u0430 \u044d\u043a\u0440\u0430\u043d\u0430",
      "action_flag": 2,
      "change_message": "[{\"changed\": {\"fields\": [\"\\u041a\\u0430\\u0442\\u0435\\u0433\\u043e\\u0440\\u0438\\u044f \\u0440\\u0430\\u0431\\u043e\\u0442\", \"\\u0421\\u043b\\u0430\\u0433\", \"\\u0410\\u043a\\u0442\\u0443\\u0430\\u043b\\u044c\\u043d\\u043e\\u0441\\u0442\\u044c \\u0437\\u0430\\u043a\\u0430\\u0437\\u0430\"]}}]"
   }
},
{
   "model": "admin.logentry",
   "pk": 54,
   "fields": {
      "action_time": "2020-05-28T16:44:36.926Z",
      "user": 1,
      "content_type": 17,
      "object_id": "12",
      "object_repr": "\u0417\u0430\u043c\u0435\u043d\u0430 \u044d\u043a\u0440\u0430\u043d\u0430 \u043d\u0430 \u0442\u0435\u043b\u0435\u0444\u043e\u043d\u0435 Huawei 500 lite",
      "action_flag": 2,
      "change_message": "[{\"changed\": {\"fields\": [\"\\u041a\\u0430\\u0442\\u0435\\u0433\\u043e\\u0440\\u0438\\u044f \\u0440\\u0430\\u0431\\u043e\\u0442\", \"\\u0421\\u043b\\u0430\\u0433\", \"\\u0410\\u043a\\u0442\\u0443\\u0430\\u043b\\u044c\\u043d\\u043e\\u0441\\u0442\\u044c \\u0437\\u0430\\u043a\\u0430\\u0437\\u0430\"]}}]"
   }
},
{
   "model": "admin.logentry",
   "pk": 55,
   "fields": {
      "action_time": "2020-05-29T12:02:32.923Z",
      "user": 1,
      "content_type": 17,
      "object_id": "15",
      "object_repr": "\u041f\u0440\u0438\u0432\u0435\u0441\u0442\u0438 \u0432 \u043f\u0440\u0438\u0433\u043e\u0434\u043d\u043e\u0435 \u0441\u043e\u0441\u0442\u043e\u044f\u043d\u0438\u0435 \u043f\u043b\u0430\u043d\u0448\u0435\u0442 Samsung",
      "action_flag": 2,
      "change_message": "[{\"changed\": {\"fields\": [\"\\u041a\\u0430\\u0442\\u0435\\u0433\\u043e\\u0440\\u0438\\u044f \\u0440\\u0430\\u0431\\u043e\\u0442\", \"\\u0421\\u043b\\u0430\\u0433\", \"\\u0410\\u043a\\u0442\\u0443\\u0430\\u043b\\u044c\\u043d\\u043e\\u0441\\u0442\\u044c \\u0437\\u0430\\u043a\\u0430\\u0437\\u0430\"]}}]"
   }
},
{
   "model": "admin.logentry",
   "pk": 56,
   "fields": {
      "action_time": "2020-05-30T13:46:37.154Z",
      "user": 1,
      "content_type": 17,
      "object_id": "18",
      "object_repr": "\u041f\u0430\u0432\u0435\u043b",
      "action_flag": 2,
      "change_message": "[{\"changed\": {\"fields\": [\"\\u041a\\u0430\\u0442\\u0435\\u0433\\u043e\\u0440\\u0438\\u044f \\u0440\\u0430\\u0431\\u043e\\u0442\", \"\\u0421\\u043b\\u0430\\u0433\", \"\\u0410\\u043a\\u0442\\u0443\\u0430\\u043b\\u044c\\u043d\\u043e\\u0441\\u0442\\u044c \\u0437\\u0430\\u043a\\u0430\\u0437\\u0430\"]}}]"
   }
},
{
   "model": "admin.logentry",
   "pk": 57,
   "fields": {
      "action_time": "2020-09-13T14:48:32.809Z",
      "user": 1,
      "content_type": 14,
      "object_id": "1",
      "object_repr": "\u0422\u0435\u0445\u043d\u043e\u0440\u0430\u043c\u0430",
      "action_flag": 2,
      "change_message": "[{\"deleted\": {\"name\": \"\\u041f\\u043e\\u0434\\u0440\\u043e\\u0431\\u043d\\u0430\\u044f \\u0438\\u043d\\u0444\\u043e\\u0440\\u043c\\u0430\\u0446\\u0438\\u044f \\u043a \\u0440\\u0435\\u043a\\u043b\\u0430\\u043c\\u043e\\u0434\\u0430\\u0442\\u0435\\u043b\\u044e\", \"object\": \"None\"}}, {\"deleted\": {\"name\": \"\\u041f\\u043e\\u0434\\u0440\\u043e\\u0431\\u043d\\u0430\\u044f \\u0438\\u043d\\u0444\\u043e\\u0440\\u043c\\u0430\\u0446\\u0438\\u044f \\u043a \\u0440\\u0435\\u043a\\u043b\\u0430\\u043c\\u043e\\u0434\\u0430\\u0442\\u0435\\u043b\\u044e\", \"object\": \"None\"}}]"
   }
},
{
   "model": "admin.logentry",
   "pk": 58,
   "fields": {
      "action_time": "2020-09-13T14:48:40.837Z",
      "user": 1,
      "content_type": 14,
      "object_id": "2",
      "object_repr": "\u0422\u0435\u0445\u043d\u043e\u0440\u0430\u043c\u0430",
      "action_flag": 2,
      "change_message": "[{\"deleted\": {\"name\": \"\\u041f\\u043e\\u0434\\u0440\\u043e\\u0431\\u043d\\u0430\\u044f \\u0438\\u043d\\u0444\\u043e\\u0440\\u043c\\u0430\\u0446\\u0438\\u044f \\u043a \\u0440\\u0435\\u043a\\u043b\\u0430\\u043c\\u043e\\u0434\\u0430\\u0442\\u0435\\u043b\\u044e\", \"object\": \"None\"}}, {\"deleted\": {\"name\": \"\\u041f\\u043e\\u0434\\u0440\\u043e\\u0431\\u043d\\u0430\\u044f \\u0438\\u043d\\u0444\\u043e\\u0440\\u043c\\u0430\\u0446\\u0438\\u044f \\u043a \\u0440\\u0435\\u043a\\u043b\\u0430\\u043c\\u043e\\u0434\\u0430\\u0442\\u0435\\u043b\\u044e\", \"object\": \"None\"}}]"
   }
},
{
   "model": "account_master.master",
   "pk": 1,
   "fields": {
      "user": 2,
      "slug": null,
      "middle_name": "\u0414\u043c\u0438\u0442\u0440\u0438\u0435\u0432\u0438\u0447",
      "phone": "+7-950-879-08-81",
      "date_of_birth": "1990-06-25",
      "photo": "masters/2020/03/24/pavel_echo.jpg",
      "description": "\u0412\u0435\u0431-\u043f\u0440\u043e\u0433\u0440\u0430\u043c\u043c\u0438\u0441\u0442, \u043d\u0435 \u0441\u0430\u043c\u044b\u0439 \u043b\u0443\u0447\u0448\u0438\u0439.",
      "available": false,
      "created": "2020-03-24",
      "updated": "2020-03-24"
   }
},
{
   "model": "account_master.master",
   "pk": 2,
   "fields": {
      "user": 3,
      "slug": null,
      "middle_name": null,
      "phone": null,
      "date_of_birth": null,
      "photo": "",
      "description": "",
      "available": false,
      "created": "2020-05-16",
      "updated": "2020-05-16"
   }
}
]
